cust_id,application_date,age,monthly_income,employment_type,residential_status,credit_limit,debt_to_income,bureau_score,inq_6m,delinq_12m,active_trades,inq_3m,delinq_6m,residence_tenure,emi_to_income_ratio,new_trades_3m,utilization_ratio,thin_file_flag,ptp_flag_bureau,education_level,gender,marital_status,risk_region_flag,channel_code
CUST000861,2022-09-06,64,16909.0,SALARIED,RENT,10000,0.23,702.0,0,0,6,0,0,10,0.18,1,0.11,0,0,MASTERS,FEMALE,SINGLE,0,ONLINE
CUST003773,2022-05-29,28,14235.0,SELF-EMPLOYED,RENT,15000,0.28,714.0,6,0,3,5,0,4,0.23,1,0.14,0,0,BACHELORS,MALE,DIVORCED,0,ONLINE
CUST003093,2022-07-26,23,13171.0,SELF-EMPLOYED,OWN,15000,0.13,546.0,0,0,1,0,0,7,0.21,1,0.31,1,0,MASTERS,FEMALE,MARRIED,0,BRANCH
CUST000467,2022-07-04,50,21351.0,SALARIED,OWN,15000,0.14,646.0,1,0,4,1,0,6,0.29,3,0.44,0,0,MASTERS,FEMALE,MARRIED,1,BRANCH
CUST004427,2022-10-31,21,10895.0,SELF-EMPLOYED,OTHER,10000,0.3,665.0,0,1,6,0,0,16,0.41,3,0.13,0,0,MASTERS,MALE,SINGLE,0,DSA
CUST003445,2022-11-05,40,17502.0,SALARIED,OWN,30000,0.57,716.0,2,1,6,2,0,11,0.24,1,0.09,0,0,BACHELORS,MALE,SINGLE,0,BRANCH
CUST003172,2022-11-21,46,13323.0,SALARIED,OWN,30000,0.3,615.0,2,0,6,1,0,6,0.34,2,0.33,0,0,MASTERS,FEMALE,MARRIED,0,DSA
CUST002920,2022-06-16,50,16652.0,SALARIED,OWN,10000,0.32,654.0,2,0,3,1,0,4,0.18,3,0.09,0,0,BACHELORS,MALE,SINGLE,0,ONLINE
CUST000131,2022-09-12,53,19554.0,SALARIED,RENT,50000,0.16,653.0,0,0,4,0,0,0,0.4,2,0.33,0,0,MASTERS,FEMALE,DIVORCED,0,ONLINE
CUST001686,2022-08-21,31,14830.0,SALARIED,OTHER,20000,0.44,599.0,0,0,2,0,0,18,0.13,2,0.26,0,0,MASTERS,MALE,MARRIED,0,ONLINE
CUST000770,2022-04-28,49,12728.0,SALARIED,OTHER,15000,0.6,687.0,1,1,2,1,1,3,0.13,5,0.53,0,0,BACHELORS,FEMALE,MARRIED,0,BRANCH
CUST002392,2022-09-23,34,18008.0,SELF-EMPLOYED,RENT,30000,0.3,582.0,0,0,4,0,0,14,0.16,2,0.19,0,0,BACHELORS,MALE,MARRIED,0,ONLINE
CUST002434,2022-12-11,21,8820.0,SALARIED,OWN,10000,0.12,759.0,3,0,3,1,0,10,0.07,3,0.51,0,0,OTHER,MALE,MARRIED,0,BRANCH
CUST001185,2022-05-08,38,14997.0,SELF-EMPLOYED,OTHER,15000,0.24,716.0,1,0,6,0,0,4,0.29,0,0.21,0,0,BACHELORS,MALE,DIVORCED,0,DSA
CUST004556,2022-04-22,35,14263.0,SALARIED,OWN,20000,0.26,708.0,4,0,1,4,0,13,0.25,0,0.17,1,0,MASTERS,MALE,MARRIED,0,BRANCH
CUST003386,2022-05-28,54,14779.0,SALARIED,RENT,15000,0.22,680.0,9,1,2,2,1,19,0.12,0,0.12,0,0,BACHELORS,FEMALE,SINGLE,0,DSA
CUST004118,2022-06-18,26,10017.0,SALARIED,OWN,20000,0.43,630.0,2,0,2,2,0,0,0.31,1,0.54,0,0,OTHER,MALE,SINGLE,0,ONLINE
CUST004844,2022-08-23,41,14449.0,SALARIED,OWN,20000,0.26,668.0,1,1,4,0,1,13,0.29,1,0.73,0,0,OTHER,FEMALE,MARRIED,0,ONLINE
CUST002905,2022-07-17,22,12243.0,SALARIED,OWN,10000,0.16,680.0,2,0,5,2,0,3,0.14,0,0.21,0,0,BACHELORS,MALE,SINGLE,0,DSA
CUST000475,2022-08-06,63,11172.0,SELF-EMPLOYED,OTHER,30000,0.32,704.0,2,1,4,1,1,0,0.29,0,0.39,0,0,OTHER,FEMALE,MARRIED,0,BRANCH
CUST001083,2022-06-06,38,13333.0,SALARIED,RENT,30000,0.55,728.0,0,0,5,0,0,5,0.12,2,0.3,0,0,OTHER,MALE,MARRIED,0,DSA
CUST002559,2022-07-30,40,20826.0,SELF-EMPLOYED,OWN,15000,0.29,646.0,0,0,6,0,0,12,0.13,0,0.19,0,0,BACHELORS,MALE,SINGLE,0,BRANCH
CUST002048,2022-09-21,32,14172.0,SELF-EMPLOYED,RENT,15000,0.16,647.0,1,0,3,1,0,1,0.3,1,0.49,0,0,MASTERS,FEMALE,SINGLE,0,ONLINE
CUST002748,2022-07-30,47,13481.0,SALARIED,RENT,20000,0.27,676.0,3,1,5,1,0,14,0.09,1,0.15,0,0,MASTERS,MALE,SINGLE,0,BRANCH
CUST000976,2022-12-01,48,11993.0,SALARIED,RENT,15000,0.27,631.0,1,0,5,1,0,9,0.23,1,0.3,0,0,MASTERS,FEMALE,SINGLE,0,BRANCH
CUST001807,2022-09-24,54,15105.0,SELF-EMPLOYED,RENT,15000,0.27,693.0,5,0,4,3,0,8,0.28,2,0.4,0,0,MASTERS,MALE,MARRIED,0,DSA
CUST000190,2022-06-01,47,17449.0,SELF-EMPLOYED,RENT,30000,0.29,695.0,3,0,5,1,0,18,0.36,0,0.31,0,0,BACHELORS,FEMALE,SINGLE,0,BRANCH
CUST002735,2022-12-02,48,11263.0,SELF-EMPLOYED,OWN,20000,0.44,641.0,0,0,4,0,0,15,0.23,1,0.14,0,0,BACHELORS,MALE,MARRIED,0,BRANCH
CUST003006,2022-01-21,59,4119.0,SELF-EMPLOYED,OWN,20000,0.37,624.0,0,0,7,0,0,1,0.32,2,0.07,0,0,OTHER,MALE,MARRIED,0,BRANCH
CUST004659,2022-02-17,51,16346.0,SALARIED,OTHER,15000,0.28,616.0,0,0,5,0,0,9,0.25,2,0.07,0,0,MASTERS,MALE,MARRIED,0,DSA
CUST001900,2022-08-31,64,10756.0,SALARIED,RENT,50000,0.39,620.0,2,1,5,1,1,10,0.41,1,0.24,0,0,MASTERS,MALE,SINGLE,0,DSA
CUST001268,2022-04-06,63,10568.0,SALARIED,OWN,20000,0.39,663.0,1,0,6,0,0,8,0.43,2,0.49,0,0,BACHELORS,FEMALE,SINGLE,0,BRANCH
CUST001529,2022-12-10,51,16341.0,SALARIED,OWN,15000,0.45,645.0,1,0,2,1,0,4,0.15,2,0.19,0,0,BACHELORS,MALE,MARRIED,0,BRANCH
CUST003203,2022-11-07,43,11719.0,SALARIED,RENT,20000,0.43,786.0,4,1,3,2,0,18,0.21,0,0.26,0,0,BACHELORS,MALE,SINGLE,0,DSA
CUST003557,2022-10-04,49,18150.0,SALARIED,RENT,15000,0.33,609.0,2,0,4,2,0,16,0.28,2,0.05,0,1,MASTERS,FEMALE,SINGLE,0,ONLINE
CUST003891,2022-12-26,35,15237.0,SELF-EMPLOYED,RENT,15000,0.4,660.0,0,0,2,0,0,8,0.24,0,0.26,0,1,BACHELORS,FEMALE,SINGLE,0,DSA
CUST000647,2022-11-13,38,7839.0,SALARIED,OWN,20000,0.26,741.0,1,1,6,0,1,1,0.15,2,0.05,0,0,BACHELORS,MALE,MARRIED,1,DSA
CUST002889,2022-07-15,62,16042.0,SALARIED,OWN,15000,0.3,625.0,5,0,4,5,0,17,0.46,0,0.56,0,0,MASTERS,MALE,DIVORCED,0,BRANCH
CUST002436,2022-09-24,62,12616.0,SELF-EMPLOYED,OTHER,10000,0.49,714.0,0,0,1,0,0,0,0.05,0,0.38,1,0,BACHELORS,FEMALE,SINGLE,0,BRANCH
CUST000601,2022-03-17,34,11134.0,SALARIED,OTHER,10000,0.5,690.0,0,0,1,0,0,18,0.26,1,0.4,1,1,MASTERS,MALE,MARRIED,0,ONLINE
CUST002364,2022-05-23,34,14859.0,SELF-EMPLOYED,RENT,15000,0.49,657.0,0,1,5,0,0,2,0.27,1,0.24,0,0,MASTERS,MALE,SINGLE,0,DSA
CUST002062,2022-01-26,41,7547.0,SALARIED,OWN,20000,0.55,693.0,3,0,2,1,0,13,0.22,0,0.27,0,1,BACHELORS,FEMALE,SINGLE,0,DSA
CUST000242,2022-09-09,55,17570.0,SELF-EMPLOYED,OWN,10000,0.3,665.0,7,0,7,1,0,2,0.17,1,0.14,0,0,BACHELORS,MALE,DIVORCED,0,BRANCH
CUST002042,2022-11-04,42,8778.0,SALARIED,OTHER,15000,0.38,710.0,1,0,4,1,0,6,0.32,0,0.06,0,0,BACHELORS,FEMALE,SINGLE,1,BRANCH
CUST002825,2022-07-01,57,15954.0,SALARIED,RENT,15000,0.45,665.0,2,0,2,1,0,17,0.27,0,0.34,0,0,OTHER,MALE,MARRIED,0,BRANCH
CUST002613,2022-06-21,44,4479.0,SALARIED,OWN,30000,0.17,674.0,2,0,3,1,0,14,0.44,0,0.18,0,0,OTHER,MALE,DIVORCED,0,BRANCH
CUST001364,2022-07-09,29,11065.0,SALARIED,RENT,30000,0.49,586.0,2,0,5,0,0,12,0.35,0,0.22,0,0,BACHELORS,MALE,SINGLE,0,ONLINE
CUST001479,2022-04-08,44,8638.0,SALARIED,OWN,15000,0.38,628.0,2,0,3,0,0,9,0.32,2,0.26,0,0,OTHER,FEMALE,SINGLE,0,ONLINE
CUST002557,2022-08-16,51,14575.0,SELF-EMPLOYED,OWN,15000,0.38,576.0,2,0,4,1,0,14,0.13,1,0.18,0,1,BACHELORS,FEMALE,MARRIED,0,ONLINE
CUST000776,2022-08-10,59,9279.0,SELF-EMPLOYED,OWN,50000,0.12,719.0,2,1,1,2,1,14,0.24,3,0.1,1,0,MASTERS,MALE,MARRIED,0,ONLINE
CUST004015,2022-06-22,37,13681.0,SELF-EMPLOYED,RENT,15000,0.64,727.0,4,1,4,1,0,3,0.24,1,0.37,0,0,MASTERS,FEMALE,SINGLE,0,DSA
CUST000035,2022-07-09,51,6724.0,SALARIED,RENT,5000,0.37,695.0,4,0,2,3,0,11,0.2,1,0.25,0,0,OTHER,MALE,SINGLE,0,BRANCH
CUST003153,2022-01-02,50,12253.0,SALARIED,RENT,5000,0.05,698.0,0,0,2,0,0,9,0.16,2,0.46,0,0,BACHELORS,FEMALE,MARRIED,0,ONLINE
CUST001956,2022-01-14,48,9357.0,SELF-EMPLOYED,OWN,5000,0.36,517.0,1,0,5,0,0,5,0.21,0,0.14,0,0,OTHER,MALE,SINGLE,0,BRANCH
CUST001586,2022-12-23,24,7517.0,SALARIED,RENT,15000,0.42,631.0,2,0,4,0,0,14,0.27,0,0.43,0,0,BACHELORS,MALE,SINGLE,0,ONLINE
CUST003944,2022-12-17,58,13077.0,SALARIED,RENT,50000,0.47,753.0,1,0,1,1,0,13,0.19,1,0.13,1,1,MASTERS,MALE,MARRIED,1,BRANCH
CUST003074,2022-12-09,45,10686.0,SALARIED,RENT,10000,0.29,763.0,1,0,5,1,0,11,0.2,1,0.81,0,0,OTHER,MALE,SINGLE,0,ONLINE
CUST001022,2022-03-10,34,9479.0,SALARIED,OTHER,50000,0.21,672.0,1,0,4,1,0,15,0.5,1,0.11,0,0,BACHELORS,MALE,MARRIED,0,DSA
CUST003462,2022-12-20,26,16088.0,SALARIED,OWN,30000,0.13,642.0,0,0,3,0,0,13,0.36,2,0.38,0,0,MASTERS,MALE,DIVORCED,0,BRANCH
CUST002614,2022-10-15,37,7899.0,SELF-EMPLOYED,RENT,10000,0.28,642.0,0,0,9,0,0,6,0.24,2,0.45,0,0,MASTERS,MALE,SINGLE,1,BRANCH
CUST003844,2022-02-12,31,13100.0,SALARIED,OWN,20000,0.35,687.0,2,0,4,2,0,17,0.22,1,0.19,0,0,BACHELORS,FEMALE,MARRIED,0,BRANCH
CUST001501,2022-10-01,24,3000.0,SALARIED,OWN,5000,0.69,649.0,3,0,5,1,0,10,0.35,0,0.16,0,1,MASTERS,FEMALE,MARRIED,0,ONLINE
CUST004799,2022-11-12,57,18466.0,SALARIED,OWN,20000,0.3,590.0,1,1,4,1,1,12,0.05,0,0.22,0,0,BACHELORS,FEMALE,SINGLE,0,BRANCH
CUST000162,2022-03-03,50,11047.0,SALARIED,OWN,15000,0.34,615.0,1,0,2,1,0,2,0.32,0,0.64,0,0,MASTERS,FEMALE,SINGLE,0,ONLINE
CUST004298,2022-12-04,58,15433.0,SALARIED,OWN,30000,0.07,628.0,4,0,1,1,0,0,0.32,1,0.23,1,0,OTHER,FEMALE,SINGLE,0,BRANCH
CUST001982,2022-12-27,56,9981.0,SALARIED,RENT,30000,0.35,690.0,3,1,3,1,0,6,0.29,3,0.35,0,0,MASTERS,MALE,SINGLE,1,DSA
CUST000996,2022-02-07,30,10426.0,SELF-EMPLOYED,OTHER,30000,0.17,694.0,2,0,1,2,0,12,0.2,0,0.17,1,0,OTHER,FEMALE,SINGLE,0,DSA
CUST004912,2022-07-26,35,6358.0,SALARIED,OTHER,10000,0.35,665.0,4,0,2,2,0,9,0.15,0,0.24,0,0,MASTERS,FEMALE,SINGLE,1,DSA
CUST003343,2022-12-23,44,11605.0,SALARIED,OTHER,10000,0.61,709.0,0,0,2,0,0,14,0.05,1,0.65,0,1,MASTERS,MALE,SINGLE,1,BRANCH
CUST004552,2022-03-28,32,10937.0,SELF-EMPLOYED,RENT,15000,0.46,760.0,2,0,3,0,0,4,0.37,0,0.27,0,0,BACHELORS,MALE,SINGLE,0,BRANCH
CUST003799,2022-12-03,23,15307.0,SALARIED,OTHER,15000,0.16,675.0,5,0,5,2,0,10,0.17,5,0.17,0,0,BACHELORS,MALE,SINGLE,0,DSA
CUST001276,2022-08-11,43,6856.0,SALARIED,OWN,15000,0.26,660.0,1,1,2,0,0,8,0.21,0,0.37,0,0,BACHELORS,FEMALE,MARRIED,1,DSA
CUST001017,2022-09-22,39,6923.0,SALARIED,RENT,5000,0.22,652.0,4,0,6,2,0,0,0.19,1,0.38,0,1,MASTERS,FEMALE,SINGLE,0,ONLINE
CUST000338,2022-02-06,22,14492.0,SALARIED,OWN,20000,0.36,628.0,2,0,1,2,0,18,0.27,1,0.61,1,1,BACHELORS,MALE,SINGLE,0,BRANCH
CUST000879,2022-09-10,40,3000.0,SALARIED,RENT,10000,0.46,658.0,3,0,1,3,0,13,0.27,1,0.2,1,1,OTHER,FEMALE,MARRIED,0,DSA
CUST001077,2022-02-11,53,16194.0,SELF-EMPLOYED,RENT,20000,0.48,715.0,2,1,3,2,0,5,0.11,0,0.17,0,0,BACHELORS,MALE,SINGLE,0,BRANCH
CUST004888,2022-07-29,28,8214.0,SALARIED,OTHER,10000,0.31,636.0,1,0,7,0,0,8,0.31,1,0.12,0,0,BACHELORS,MALE,MARRIED,0,BRANCH
CUST003994,2022-02-13,34,9232.0,SALARIED,RENT,15000,0.32,735.0,0,1,3,0,0,6,0.05,0,0.46,0,0,MASTERS,FEMALE,MARRIED,0,BRANCH
CUST004860,2022-03-02,39,12542.0,SELF-EMPLOYED,OTHER,15000,0.48,697.0,3,0,3,1,0,5,0.35,1,0.37,0,0,BACHELORS,MALE,MARRIED,0,ONLINE
CUST000380,2022-11-12,37,15856.0,SELF-EMPLOYED,RENT,30000,0.46,659.0,1,0,5,0,0,19,0.18,2,0.09,0,0,BACHELORS,MALE,SINGLE,0,BRANCH
CUST000493,2022-05-27,30,19474.0,SELF-EMPLOYED,RENT,20000,0.15,716.0,0,0,5,0,0,1,0.26,1,0.39,0,0,BACHELORS,FEMALE,MARRIED,0,ONLINE
CUST002063,2022-05-16,40,9372.0,SALARIED,OWN,15000,0.27,676.0,1,0,6,1,0,13,0.26,1,0.39,0,0,BACHELORS,FEMALE,SINGLE,0,BRANCH
CUST003885,2022-01-26,22,8311.0,SALARIED,RENT,15000,0.41,747.0,4,0,6,3,0,14,0.2,3,0.5,0,0,BACHELORS,MALE,SINGLE,0,BRANCH
CUST000065,2022-02-23,32,10627.0,SALARIED,RENT,30000,0.06,584.0,2,0,2,1,0,4,0.17,0,0.14,0,0,BACHELORS,MALE,MARRIED,1,DSA
CUST002569,2022-02-07,62,7689.0,SALARIED,RENT,15000,0.46,617.0,2,0,3,2,0,2,0.38,3,0.44,0,0,BACHELORS,MALE,DIVORCED,1,ONLINE
CUST002028,2022-05-06,30,10064.0,SELF-EMPLOYED,OWN,10000,0.33,710.0,1,0,3,1,0,17,0.37,1,0.3,0,0,MASTERS,MALE,SINGLE,0,DSA
CUST002696,2022-01-12,45,13553.0,SALARIED,RENT,10000,0.34,721.0,2,0,5,0,0,8,0.4,0,0.23,0,0,OTHER,FEMALE,MARRIED,0,BRANCH
CUST001496,2022-02-03,27,14065.0,SALARIED,RENT,5000,0.11,672.0,0,0,6,0,0,16,0.19,1,0.58,0,0,OTHER,FEMALE,MARRIED,0,ONLINE
CUST000392,2022-10-15,55,10301.0,SALARIED,RENT,15000,0.26,751.0,0,0,3,0,0,19,0.18,1,0.08,0,0,BACHELORS,MALE,MARRIED,0,BRANCH
CUST004515,2022-10-04,29,12308.0,SALARIED,OWN,15000,0.17,622.0,1,0,8,1,0,1,0.22,1,0.2,0,0,BACHELORS,FEMALE,MARRIED,1,ONLINE
CUST004475,2022-07-05,62,10875.0,SELF-EMPLOYED,OWN,15000,0.5,676.0,4,0,5,2,0,0,0.19,1,0.33,0,0,OTHER,MALE,MARRIED,0,BRANCH
CUST003562,2022-02-04,40,10096.0,SALARIED,OWN,10000,0.36,647.0,1,0,8,0,0,5,0.28,0,0.24,0,0,OTHER,FEMALE,SINGLE,1,BRANCH
CUST002279,2022-02-18,54,9244.0,SELF-EMPLOYED,RENT,20000,0.55,610.0,1,0,3,0,0,8,0.31,0,0.58,0,0,OTHER,MALE,DIVORCED,0,BRANCH
CUST003100,2022-04-01,29,6070.0,SELF-EMPLOYED,RENT,10000,0.65,650.0,3,0,4,2,0,18,0.28,1,0.33,0,0,BACHELORS,FEMALE,SINGLE,0,ONLINE
CUST000201,2022-04-23,53,13433.0,SALARIED,OTHER,10000,0.49,633.0,1,1,3,1,1,10,0.31,0,0.31,0,0,BACHELORS,MALE,DIVORCED,0,BRANCH
CUST004876,2022-02-19,34,15865.0,SELF-EMPLOYED,RENT,20000,0.43,679.0,1,0,4,1,0,6,0.15,2,0.09,0,0,MASTERS,MALE,SINGLE,0,DSA
CUST003105,2022-04-10,45,20205.0,SALARIED,OTHER,20000,0.25,623.0,1,0,8,0,0,2,0.36,0,0.3,0,0,MASTERS,FEMALE,MARRIED,0,BRANCH
CUST004599,2022-09-03,62,5977.0,SALARIED,OWN,20000,0.42,676.0,2,0,4,2,0,5,0.34,1,0.11,0,0,OTHER,MALE,MARRIED,0,BRANCH
CUST002455,2022-04-11,39,12168.0,SALARIED,RENT,10000,0.22,639.0,0,0,1,0,0,1,0.15,2,0.63,1,0,BACHELORS,MALE,SINGLE,0,DSA
CUST003646,2022-01-31,44,3000.0,SALARIED,OWN,10000,0.59,720.0,1,1,5,1,0,9,0.34,1,0.09,0,0,OTHER,MALE,SINGLE,0,ONLINE
CUST000805,2022-02-20,36,15137.0,SELF-EMPLOYED,OWN,5000,0.41,642.0,1,0,6,1,0,7,0.34,3,0.3,0,0,BACHELORS,MALE,SINGLE,0,ONLINE
CUST002732,2022-01-03,58,8337.0,SALARIED,RENT,30000,0.05,653.0,3,0,6,3,0,6,0.28,1,0.16,0,0,BACHELORS,MALE,SINGLE,0,ONLINE
CUST002774,2022-06-10,41,13043.0,SALARIED,OWN,15000,0.11,776.0,3,1,5,0,0,10,0.28,1,0.11,0,0,MASTERS,MALE,MARRIED,0,BRANCH
CUST001571,2022-08-29,57,21470.0,SALARIED,OWN,5000,0.4,657.0,1,0,2,1,0,2,0.55,2,0.21,0,0,BACHELORS,FEMALE,MARRIED,0,BRANCH
CUST002691,2022-03-27,61,11139.0,SALARIED,OWN,30000,0.55,687.0,0,1,2,0,0,1,0.29,0,0.29,0,1,BACHELORS,MALE,SINGLE,0,BRANCH
CUST003841,2022-01-12,30,14335.0,SALARIED,RENT,30000,0.38,651.0,1,0,3,0,0,18,0.4,1,0.44,0,0,BACHELORS,MALE,SINGLE,0,DSA
CUST001029,2022-01-01,24,13543.0,SALARIED,OWN,50000,0.18,763.0,1,0,2,0,0,19,0.18,1,0.27,0,0,OTHER,FEMALE,SINGLE,0,BRANCH
CUST000503,2022-06-09,24,11934.0,SALARIED,OWN,20000,0.33,603.0,3,0,1,2,0,11,0.3,2,0.34,1,0,MASTERS,FEMALE,MARRIED,0,DSA
CUST004494,2022-02-07,21,10905.0,SALARIED,OWN,50000,0.41,568.0,3,0,3,0,0,0,0.22,0,0.3,0,1,MASTERS,FEMALE,SINGLE,1,ONLINE
CUST000871,2022-03-02,55,18205.0,SALARIED,OWN,30000,0.38,714.0,1,0,3,0,0,1,0.25,1,0.26,0,0,BACHELORS,FEMALE,MARRIED,0,DSA
CUST004489,2022-11-07,53,12665.0,SALARIED,OWN,15000,0.28,670.0,2,0,5,1,0,8,0.18,1,0.42,0,0,BACHELORS,FEMALE,MARRIED,0,BRANCH
CUST000207,2022-01-02,43,23709.0,SELF-EMPLOYED,RENT,15000,0.54,642.0,1,1,3,1,0,17,0.27,1,0.18,0,0,MASTERS,MALE,SINGLE,1,ONLINE
CUST001485,2022-02-08,31,17369.0,SALARIED,RENT,5000,0.47,694.0,1,0,2,0,0,15,0.26,4,0.15,0,0,BACHELORS,MALE,SINGLE,0,BRANCH
CUST000864,2022-08-02,31,6520.0,SALARIED,OWN,20000,0.63,657.0,2,0,5,0,0,4,0.18,0,0.27,0,1,MASTERS,FEMALE,SINGLE,0,ONLINE
CUST002791,2022-02-19,63,8935.0,SELF-EMPLOYED,OWN,10000,0.37,676.0,1,0,8,0,0,13,0.26,0,0.37,0,0,OTHER,MALE,MARRIED,0,ONLINE
CUST000564,2022-08-05,46,19470.0,SALARIED,OWN,50000,0.29,651.0,3,1,4,0,1,16,0.35,2,0.43,0,0,MASTERS,MALE,SINGLE,0,DSA
CUST004192,2022-01-01,39,8741.0,SALARIED,RENT,10000,0.22,619.0,3,0,8,3,0,15,0.14,3,0.05,0,0,MASTERS,FEMALE,SINGLE,0,ONLINE
CUST001758,2022-07-27,43,12570.0,SALARIED,RENT,15000,0.25,728.0,2,0,2,0,0,0,0.3,2,0.18,0,0,BACHELORS,MALE,SINGLE,0,DSA
CUST001679,2022-12-20,27,13421.0,SALARIED,OWN,15000,0.21,679.0,5,0,5,0,0,16,0.05,0,0.14,0,0,BACHELORS,MALE,SINGLE,0,DSA
CUST003243,2022-05-16,33,15925.0,SALARIED,OWN,15000,0.24,676.0,4,0,6,3,0,19,0.36,1,0.12,0,0,MASTERS,FEMALE,MARRIED,0,DSA
CUST004637,2022-06-05,37,12473.0,SALARIED,RENT,20000,0.31,793.0,3,1,4,0,1,12,0.14,2,0.16,0,0,MASTERS,FEMALE,SINGLE,0,BRANCH
CUST001060,2022-06-28,57,8705.0,SALARIED,RENT,10000,0.3,670.0,3,0,8,1,0,4,0.28,2,0.36,0,0,BACHELORS,FEMALE,MARRIED,0,BRANCH
CUST001723,2022-10-12,21,16238.0,SALARIED,RENT,30000,0.31,631.0,0,0,2,0,0,8,0.37,2,0.13,0,0,BACHELORS,MALE,SINGLE,0,BRANCH
CUST003315,2022-10-12,43,10871.0,SALARIED,RENT,20000,0.17,745.0,0,0,3,0,0,11,0.28,3,0.69,0,0,BACHELORS,MALE,MARRIED,0,BRANCH
CUST003158,2022-04-30,29,15591.0,SALARIED,OWN,20000,0.4,708.0,1,0,3,1,0,19,0.26,2,0.34,0,0,BACHELORS,FEMALE,MARRIED,1,BRANCH
CUST002626,2022-05-29,58,11218.0,SALARIED,OWN,30000,0.59,723.0,0,0,2,0,0,16,0.37,2,0.51,0,0,OTHER,FEMALE,SINGLE,0,DSA
CUST002730,2022-08-09,53,12944.0,SALARIED,OWN,15000,0.28,699.0,3,0,5,3,0,19,0.27,1,0.32,0,0,MASTERS,FEMALE,SINGLE,1,BRANCH
CUST001598,2022-01-09,36,13110.0,SALARIED,RENT,10000,0.48,665.0,5,0,7,2,0,3,0.33,0,0.34,0,0,BACHELORS,FEMALE,SINGLE,0,BRANCH
CUST003061,2022-12-13,24,18368.0,SALARIED,RENT,15000,0.38,722.0,1,0,3,0,0,5,0.29,1,0.47,0,0,OTHER,FEMALE,MARRIED,0,ONLINE
CUST002694,2022-11-10,54,14850.0,SALARIED,RENT,15000,0.35,748.0,3,0,5,3,0,15,0.27,1,0.24,0,0,BACHELORS,MALE,MARRIED,0,BRANCH
CUST004892,2022-12-09,34,9894.0,SALARIED,OWN,15000,0.25,678.0,0,0,5,0,0,6,0.38,1,0.29,0,0,BACHELORS,MALE,MARRIED,0,DSA
CUST003628,2022-04-30,35,4296.0,SALARIED,RENT,30000,0.3,615.0,0,1,5,0,0,2,0.32,1,0.01,0,0,BACHELORS,FEMALE,MARRIED,0,BRANCH
CUST001364,2022-07-09,29,11065.0,SALARIED,RENT,30000,0.49,586.0,2,0,5,0,0,12,0.35,0,0.22,0,0,BACHELORS,MALE,SINGLE,0,ONLINE
CUST001982,2022-12-27,56,9981.0,SALARIED,RENT,30000,0.35,690.0,3,1,3,1,0,6,0.29,3,0.35,0,0,MASTERS,MALE,SINGLE,1,DSA
CUST001664,2022-12-22,49,13356.0,SELF-EMPLOYED,OWN,30000,0.47,675.0,0,1,3,0,0,17,0.36,1,0.38,0,0,BACHELORS,FEMALE,SINGLE,1,ONLINE
CUST001530,2022-05-20,37,12154.0,SALARIED,RENT,5000,0.43,657.0,2,0,10,1,0,11,0.15,0,0.1,0,0,BACHELORS,FEMALE,MARRIED,1,BRANCH
CUST002039,2022-05-31,54,9195.0,SALARIED,RENT,10000,0.33,629.0,1,1,5,1,0,7,0.21,3,0.17,0,0,OTHER,FEMALE,DIVORCED,0,BRANCH
CUST003303,2022-05-07,60,11419.0,SALARIED,OWN,15000,0.39,679.0,6,0,3,4,0,9,0.18,0,0.41,0,0,OTHER,MALE,SINGLE,0,ONLINE
CUST002238,2022-10-20,48,13308.0,SELF-EMPLOYED,RENT,10000,0.32,683.0,0,0,5,0,0,2,0.38,0,0.26,0,0,BACHELORS,MALE,SINGLE,1,BRANCH
CUST001307,2022-10-07,45,4646.0,SELF-EMPLOYED,OWN,20000,0.48,633.0,2,0,4,1,0,10,0.05,0,0.28,0,0,BACHELORS,FEMALE,MARRIED,0,DSA
CUST004030,2022-04-27,54,13075.0,SALARIED,RENT,15000,0.4,779.0,3,0,3,2,0,0,0.33,1,0.6,0,0,OTHER,FEMALE,SINGLE,0,DSA
CUST002676,2022-12-30,23,15077.0,SALARIED,OTHER,15000,0.36,671.0,3,0,3,2,0,5,0.39,0,0.19,0,0,MASTERS,MALE,SINGLE,1,BRANCH
CUST001283,2022-03-26,64,13729.0,SELF-EMPLOYED,RENT,5000,0.24,589.0,1,0,8,1,0,12,0.22,3,0.38,0,0,BACHELORS,FEMALE,SINGLE,0,DSA
CUST000710,2022-09-10,39,9116.0,SALARIED,RENT,50000,0.56,644.0,3,0,4,3,0,11,0.3,2,0.21,0,0,OTHER,FEMALE,MARRIED,0,DSA
CUST004745,2022-04-14,50,10659.0,SALARIED,OWN,15000,0.51,652.0,1,0,4,0,0,15,0.38,2,0.53,0,0,BACHELORS,FEMALE,MARRIED,0,ONLINE
CUST004414,2022-03-10,33,7617.0,SELF-EMPLOYED,RENT,15000,0.26,682.0,1,0,4,1,0,9,0.16,0,0.16,0,0,BACHELORS,FEMALE,SINGLE,0,ONLINE
CUST003749,2022-01-13,39,16109.0,SELF-EMPLOYED,OWN,5000,0.31,789.0,3,0,3,2,0,18,0.24,2,0.2,0,0,BACHELORS,MALE,SINGLE,0,ONLINE
CUST004780,2022-03-15,61,12038.0,SALARIED,RENT,10000,0.21,649.0,0,0,5,0,0,8,0.35,0,0.68,0,1,MASTERS,MALE,MARRIED,0,DSA
CUST000664,2022-03-21,24,16511.0,SALARIED,RENT,20000,0.17,654.0,1,0,3,1,0,9,0.26,1,0.21,0,0,OTHER,FEMALE,MARRIED,0,DSA
CUST001999,2022-02-13,35,17742.0,SALARIED,OWN,15000,0.3,605.0,5,0,4,5,0,19,0.26,0,0.06,0,0,BACHELORS,FEMALE,SINGLE,0,DSA
CUST003446,2022-12-09,50,10384.0,SALARIED,RENT,10000,0.15,674.0,4,0,5,3,0,13,0.31,0,0.17,0,0,MASTERS,MALE,SINGLE,0,BRANCH
CUST003744,2022-05-26,48,7979.0,SALARIED,OTHER,50000,0.09,659.0,3,0,6,0,0,7,0.1,0,0.43,0,0,OTHER,MALE,SINGLE,0,BRANCH
CUST001496,2022-02-03,27,14065.0,SALARIED,RENT,5000,0.11,672.0,0,0,6,0,0,16,0.19,1,0.58,0,0,OTHER,FEMALE,MARRIED,0,ONLINE
CUST003305,2022-05-27,49,8048.0,SALARIED,OWN,15000,0.48,634.0,2,0,2,1,0,6,0.25,1,0.5,0,0,MASTERS,FEMALE,MARRIED,0,ONLINE
CUST003764,2022-06-11,50,11171.0,SELF-EMPLOYED,OWN,10000,0.35,599.0,4,0,2,1,0,13,0.31,0,0.68,0,0,BACHELORS,FEMALE,SINGLE,1,BRANCH
CUST001854,2022-12-14,60,12007.0,SALARIED,RENT,15000,0.31,614.0,3,0,6,3,0,8,0.4,0,0.54,0,0,MASTERS,FEMALE,SINGLE,0,ONLINE
CUST004660,2022-07-13,23,13783.0,SELF-EMPLOYED,RENT,10000,0.51,616.0,1,0,5,1,0,16,0.19,1,0.4,0,0,BACHELORS,MALE,MARRIED,0,DSA
CUST001292,2022-07-16,47,15413.0,SELF-EMPLOYED,OWN,20000,0.29,652.0,1,0,2,1,0,7,0.33,1,0.24,0,0,OTHER,MALE,MARRIED,0,BRANCH
CUST003582,2022-02-06,31,11246.0,SELF-EMPLOYED,OTHER,15000,0.4,666.0,1,0,1,0,0,5,0.2,1,0.13,1,0,OTHER,FEMALE,DIVORCED,0,BRANCH
CUST003458,2022-04-02,52,7082.0,SALARIED,RENT,5000,0.42,660.0,6,1,3,0,0,13,0.14,1,0.46,0,0,MASTERS,FEMALE,MARRIED,0,DSA
CUST001637,2022-02-28,62,7781.0,SELF-EMPLOYED,OWN,15000,0.29,685.0,0,0,5,0,0,17,0.22,0,0.54,0,0,BACHELORS,MALE,SINGLE,0,ONLINE
CUST003697,2022-05-01,59,17566.0,SALARIED,OWN,10000,0.15,681.0,0,1,3,0,0,19,0.28,2,0.38,0,1,BACHELORS,MALE,DIVORCED,0,BRANCH
CUST003000,2022-01-12,38,9536.0,SALARIED,RENT,10000,0.27,709.0,4,0,8,0,0,14,0.3,4,0.05,0,0,BACHELORS,FEMALE,MARRIED,0,DSA
CUST003153,2022-01-02,50,12253.0,SALARIED,RENT,5000,0.05,698.0,0,0,2,0,0,9,0.16,2,0.46,0,0,BACHELORS,FEMALE,MARRIED,0,ONLINE
CUST000699,2022-12-23,48,12556.0,SELF-EMPLOYED,OWN,20000,0.11,667.0,3,0,5,1,0,4,0.29,0,0.27,0,0,BACHELORS,FEMALE,SINGLE,0,BRANCH
CUST002161,2022-10-17,25,8666.0,SALARIED,OTHER,30000,0.34,731.0,1,1,4,1,2,2,0.15,0,0.05,0,1,BACHELORS,MALE,SINGLE,1,BRANCH
CUST004098,2022-10-07,31,10013.0,SALARIED,RENT,15000,0.17,684.0,4,1,1,0,1,14,0.27,1,0.65,1,0,MASTERS,FEMALE,MARRIED,0,BRANCH
CUST004738,2022-11-28,50,15166.0,SALARIED,OWN,15000,0.29,622.0,0,0,6,0,0,9,0.12,0,0.23,0,0,MASTERS,MALE,MARRIED,0,DSA
CUST000855,2022-02-03,25,7896.0,SALARIED,OWN,15000,0.17,658.0,4,0,3,1,0,14,0.15,1,0.59,0,1,MASTERS,MALE,SINGLE,0,BRANCH
CUST003475,2022-12-07,36,12057.0,SELF-EMPLOYED,RENT,5000,0.13,692.0,0,0,3,0,0,7,0.19,1,0.18,0,0,OTHER,FEMALE,SINGLE,0,ONLINE
CUST001708,2022-07-11,21,6850.0,SALARIED,OTHER,15000,0.56,755.0,3,1,6,1,0,7,0.22,3,0.39,0,0,OTHER,MALE,MARRIED,0,BRANCH
CUST002778,2022-08-28,22,12372.0,SALARIED,RENT,20000,0.48,726.0,2,0,3,1,0,4,0.34,1,0.58,0,0,BACHELORS,FEMALE,SINGLE,0,ONLINE
CUST001734,2022-03-25,54,4363.0,SALARIED,OWN,20000,0.81,613.0,5,0,3,1,0,17,0.36,0,0.67,0,0,OTHER,FEMALE,SINGLE,1,BRANCH
CUST004932,2022-12-30,64,9913.0,SELF-EMPLOYED,RENT,5000,0.3,633.0,0,1,6,0,0,11,0.35,0,0.54,0,0,OTHER,FEMALE,SINGLE,0,DSA
CUST003511,2022-09-07,46,14635.0,SALARIED,OTHER,20000,0.47,729.0,3,0,5,0,0,8,0.24,2,0.3,0,0,BACHELORS,FEMALE,DIVORCED,0,ONLINE
CUST000203,2022-04-23,49,6026.0,SALARIED,RENT,30000,0.09,596.0,1,0,4,1,0,16,0.15,2,0.2,0,0,OTHER,FEMALE,SINGLE,0,BRANCH
CUST003256,2022-09-22,23,20183.0,SALARIED,OTHER,15000,0.36,778.0,1,0,6,1,0,11,0.33,0,0.09,0,0,OTHER,FEMALE,MARRIED,0,BRANCH
CUST004219,2022-02-01,60,14223.0,SALARIED,RENT,15000,0.33,662.0,0,0,5,0,0,12,0.38,0,0.13,0,0,MASTERS,FEMALE,MARRIED,0,BRANCH
CUST004497,2022-07-21,25,7226.0,SALARIED,OWN,20000,0.42,630.0,0,0,5,0,0,9,0.18,3,0.39,0,0,BACHELORS,FEMALE,MARRIED,0,DSA
CUST000767,2022-06-03,51,11671.0,SELF-EMPLOYED,RENT,15000,0.37,656.0,5,1,5,4,0,15,0.11,1,0.37,0,0,MASTERS,FEMALE,SINGLE,1,BRANCH
CUST004390,2022-02-23,27,11667.0,SALARIED,RENT,5000,0.3,675.0,1,0,2,0,0,9,0.2,1,0.4,0,0,BACHELORS,FEMALE,SINGLE,0,DSA
CUST002328,2022-04-25,44,10480.0,SALARIED,OWN,20000,0.36,718.0,1,1,3,0,1,8,0.18,0,0.52,0,1,BACHELORS,MALE,MARRIED,1,DSA
CUST002932,2022-02-01,55,13645.0,SALARIED,RENT,20000,0.38,712.0,2,0,5,2,0,8,0.24,0,0.13,0,0,MASTERS,MALE,SINGLE,0,BRANCH
CUST000198,2022-02-21,63,17778.0,SALARIED,RENT,50000,0.4,729.0,1,0,7,0,0,9,0.36,0,0.35,0,0,MASTERS,MALE,MARRIED,0,BRANCH
CUST001931,2022-09-03,46,7657.0,SELF-EMPLOYED,OTHER,10000,0.06,715.0,0,0,2,0,0,16,0.15,1,0.35,0,0,BACHELORS,FEMALE,SINGLE,1,BRANCH
CUST003583,2022-05-21,64,15756.0,SELF-EMPLOYED,OWN,15000,0.45,628.0,1,0,5,0,0,8,0.28,1,0.63,0,0,BACHELORS,FEMALE,SINGLE,0,BRANCH
CUST000609,2022-06-17,39,5223.0,SALARIED,OTHER,50000,0.43,742.0,2,0,5,1,0,17,0.21,1,0.14,0,0,MASTERS,MALE,MARRIED,1,BRANCH
CUST003273,2022-05-07,48,11108.0,SELF-EMPLOYED,OWN,10000,0.7,622.0,1,0,2,1,0,1,0.3,0,0.24,0,0,OTHER,FEMALE,MARRIED,0,BRANCH
CUST001148,2022-05-07,28,7471.0,SELF-EMPLOYED,RENT,30000,0.16,658.0,4,0,2,1,0,13,0.2,4,0.09,0,0,BACHELORS,MALE,DIVORCED,0,DSA
CUST004283,2022-02-16,30,5124.0,SALARIED,OWN,30000,0.46,675.0,3,0,3,3,0,16,0.26,2,0.17,0,0,MASTERS,FEMALE,MARRIED,1,ONLINE
CUST003398,2022-11-17,44,17388.0,SELF-EMPLOYED,OWN,30000,0.13,685.0,6,0,1,2,0,11,0.11,1,0.28,1,0,BACHELORS,MALE,MARRIED,0,DSA
CUST002512,2022-01-21,39,9823.0,SALARIED,RENT,10000,0.14,631.0,1,1,5,1,0,17,0.12,1,0.12,0,0,OTHER,FEMALE,MARRIED,0,ONLINE
CUST001795,2022-10-04,38,10196.0,SALARIED,OWN,15000,0.06,725.0,3,0,3,2,0,19,0.35,1,0.25,0,0,BACHELORS,MALE,MARRIED,0,BRANCH
CUST000660,2022-06-22,29,9657.0,SALARIED,RENT,10000,0.58,663.0,4,0,4,3,0,11,0.22,4,0.3,0,0,BACHELORS,FEMALE,MARRIED,0,ONLINE
CUST002812,2022-12-22,25,13816.0,SALARIED,OWN,15000,0.5,675.0,0,0,1,0,0,10,0.36,2,0.28,1,1,BACHELORS,MALE,MARRIED,0,BRANCH
CUST001370,2022-12-29,29,17775.0,SELF-EMPLOYED,OWN,15000,0.16,707.0,1,0,4,0,0,12,0.33,3,0.38,0,1,MASTERS,FEMALE,SINGLE,0,BRANCH
CUST001987,2022-06-20,60,16407.0,SALARIED,OWN,15000,0.43,591.0,2,1,3,0,1,9,0.41,2,0.31,0,1,BACHELORS,MALE,SINGLE,0,BRANCH
CUST000147,2022-08-25,45,11572.0,SELF-EMPLOYED,OWN,15000,0.33,637.0,0,0,1,0,0,5,0.22,0,0.05,1,1,BACHELORS,FEMALE,MARRIED,1,ONLINE
CUST003220,2022-07-29,44,4740.0,SALARIED,OTHER,10000,0.31,702.0,1,0,3,1,0,0,0.27,0,0.41,0,0,BACHELORS,FEMALE,MARRIED,0,BRANCH
CUST002912,2022-01-22,40,9031.0,SALARIED,OWN,10000,0.11,625.0,2,1,5,1,0,15,0.28,2,0.31,0,1,OTHER,FEMALE,MARRIED,0,ONLINE
CUST001735,2022-01-22,24,13882.0,SELF-EMPLOYED,OWN,15000,0.1,695.0,1,0,7,1,0,9,0.05,1,0.32,0,1,OTHER,FEMALE,SINGLE,0,BRANCH
CUST001844,2022-01-09,44,10752.0,SALARIED,OTHER,15000,0.05,721.0,2,1,4,0,0,19,0.17,1,0.31,0,0,MASTERS,FEMALE,SINGLE,0,BRANCH
CUST000489,2022-10-17,60,8735.0,SELF-EMPLOYED,OWN,30000,0.5,708.0,4,0,5,3,0,13,0.28,2,0.12,0,0,BACHELORS,FEMALE,DIVORCED,0,DSA
CUST002977,2022-02-11,52,6011.0,SALARIED,OWN,30000,0.24,611.0,4,0,1,1,0,1,0.05,4,0.48,1,0,BACHELORS,MALE,DIVORCED,0,DSA
CUST001960,2022-08-19,62,13019.0,SALARIED,RENT,10000,0.45,577.0,1,0,1,0,0,17,0.28,0,0.32,1,0,BACHELORS,MALE,MARRIED,0,DSA
CUST002386,2022-03-07,47,11452.0,SELF-EMPLOYED,OWN,5000,0.35,650.0,2,0,3,2,0,18,0.08,1,0.5,0,0,MASTERS,FEMALE,MARRIED,0,ONLINE
CUST002920,2022-06-16,50,16652.0,SALARIED,OWN,10000,0.32,654.0,2,0,3,1,0,4,0.18,3,0.09,0,0,BACHELORS,MALE,SINGLE,0,ONLINE
CUST004737,2022-03-03,53,15842.0,SALARIED,RENT,10000,0.32,622.0,1,0,3,1,0,7,0.31,1,0.38,0,0,BACHELORS,MALE,MARRIED,0,BRANCH
CUST001803,2022-10-28,59,12365.0,SALARIED,RENT,10000,0.13,642.0,2,0,5,2,0,1,0.4,2,0.08,0,0,BACHELORS,MALE,MARRIED,0,DSA
CUST004062,2022-12-20,50,13787.0,SELF-EMPLOYED,RENT,15000,0.39,691.0,3,0,7,0,0,13,0.3,1,0.14,0,0,OTHER,FEMALE,DIVORCED,0,ONLINE
CUST003370,2022-12-26,52,16592.0,SALARIED,RENT,5000,0.33,682.0,1,0,2,1,0,14,0.31,1,0.12,0,0,OTHER,MALE,SINGLE,0,BRANCH
CUST000263,2022-03-01,34,11392.0,SALARIED,OTHER,15000,0.17,717.0,2,0,4,1,0,17,0.2,2,0.43,0,1,MASTERS,FEMALE,SINGLE,0,BRANCH
CUST000624,2022-08-05,38,13233.0,SELF-EMPLOYED,RENT,10000,0.31,712.0,1,0,5,1,0,5,0.35,3,0.55,0,0,BACHELORS,MALE,MARRIED,0,ONLINE
CUST001017,2022-09-22,39,6923.0,SALARIED,RENT,5000,0.22,652.0,4,0,6,2,0,0,0.19,1,0.38,0,1,MASTERS,FEMALE,SINGLE,0,ONLINE
CUST003644,2022-10-08,47,14808.0,SALARIED,RENT,30000,0.16,600.0,3,0,2,3,0,8,0.13,1,0.1,0,0,BACHELORS,FEMALE,MARRIED,1,BRANCH
CUST004977,2022-04-08,62,13495.0,SALARIED,OWN,15000,0.17,711.0,1,0,2,0,0,2,0.2,1,0.45,0,0,MASTERS,FEMALE,DIVORCED,0,ONLINE
CUST002050,2022-12-18,30,11216.0,SALARIED,OWN,5000,0.08,589.0,0,0,3,0,0,14,0.29,0,0.02,0,0,MASTERS,FEMALE,SINGLE,0,DSA
CUST003724,2022-01-24,54,12557.0,SELF-EMPLOYED,OWN,20000,0.21,671.0,1,0,4,1,0,0,0.29,1,0.18,0,0,MASTERS,FEMALE,SINGLE,1,BRANCH
CUST004549,2022-10-12,52,12934.0,SALARIED,OWN,30000,0.34,603.0,2,0,1,1,0,10,0.24,0,0.33,1,0,BACHELORS,MALE,MARRIED,0,BRANCH
CUST003109,2022-05-27,55,4182.0,SALARIED,OWN,30000,0.25,719.0,1,0,1,0,0,7,0.38,1,0.23,1,0,MASTERS,MALE,SINGLE,0,BRANCH
CUST004091,2022-05-27,22,6890.0,SALARIED,OWN,15000,0.19,664.0,2,0,3,2,0,15,0.14,3,0.08,0,0,MASTERS,FEMALE,SINGLE,0,BRANCH
CUST002057,2022-11-07,22,16127.0,SELF-EMPLOYED,OWN,15000,0.36,686.0,2,0,3,0,0,7,0.29,2,0.34,0,0,BACHELORS,FEMALE,SINGLE,0,DSA
CUST003171,2022-05-29,52,12577.0,SELF-EMPLOYED,RENT,30000,0.52,619.0,0,0,7,0,0,6,0.16,1,0.22,0,0,BACHELORS,FEMALE,SINGLE,0,ONLINE
CUST001683,2022-06-12,50,10178.0,SALARIED,OWN,30000,0.26,679.0,1,0,2,0,0,7,0.32,2,0.38,0,0,OTHER,MALE,SINGLE,1,BRANCH
CUST002256,2022-08-29,27,9803.0,SELF-EMPLOYED,RENT,20000,0.24,649.0,2,0,1,0,0,4,0.21,2,0.38,1,0,MASTERS,FEMALE,SINGLE,0,BRANCH
CUST001155,2022-10-24,33,11199.0,SELF-EMPLOYED,OWN,15000,0.38,682.0,1,0,3,1,0,4,0.25,0,0.34,0,0,BACHELORS,FEMALE,SINGLE,0,BRANCH
CUST004500,2022-08-30,48,6816.0,SALARIED,OTHER,30000,0.38,651.0,2,1,8,1,0,1,0.2,1,0.08,0,0,BACHELORS,FEMALE,MARRIED,0,DSA
CUST003192,2022-01-26,62,9576.0,SELF-EMPLOYED,RENT,20000,0.21,784.0,4,0,4,1,0,18,0.19,2,0.19,0,0,OTHER,MALE,SINGLE,0,BRANCH
CUST001697,2022-11-20,58,11854.0,SELF-EMPLOYED,OWN,5000,0.34,752.0,3,1,8,3,0,10,0.05,2,0.35,0,0,OTHER,MALE,SINGLE,0,BRANCH
CUST003992,2022-04-03,28,11611.0,SALARIED,OTHER,20000,0.18,588.0,1,0,3,1,0,10,0.19,1,0.35,0,1,BACHELORS,FEMALE,SINGLE,0,BRANCH
CUST004724,2022-02-13,36,7030.0,SALARIED,OWN,30000,0.25,634.0,2,0,6,1,0,10,0.28,2,0.41,0,0,MASTERS,MALE,SINGLE,0,BRANCH
CUST004683,2022-05-03,58,16148.0,SALARIED,OWN,10000,0.66,732.0,1,1,7,1,0,19,0.17,2,0.16,0,0,BACHELORS,FEMALE,MARRIED,0,BRANCH
CUST001649,2022-06-04,43,15454.0,SALARIED,RENT,15000,0.2,644.0,4,0,4,3,0,9,0.31,1,0.1,0,0,MASTERS,MALE,SINGLE,0,BRANCH
CUST001446,2022-03-30,55,3582.0,SELF-EMPLOYED,OWN,15000,0.14,669.0,3,0,5,1,0,8,0.12,2,0.1,0,0,BACHELORS,MALE,MARRIED,0,DSA
CUST004200,2022-05-21,47,7111.0,SALARIED,OWN,5000,0.52,621.0,1,0,7,0,0,17,0.39,1,0.47,0,1,MASTERS,MALE,MARRIED,1,DSA
CUST003924,2022-03-27,57,17563.0,SELF-EMPLOYED,RENT,15000,0.43,715.0,2,0,3,1,0,11,0.19,1,0.42,0,1,MASTERS,MALE,MARRIED,0,BRANCH
CUST000254,2022-09-24,24,5919.0,SALARIED,RENT,15000,0.26,644.0,2,1,7,2,0,14,0.2,2,0.25,0,0,MASTERS,FEMALE,MARRIED,0,ONLINE
CUST003184,2022-12-09,36,9404.0,SALARIED,RENT,10000,0.41,798.0,1,1,5,0,0,13,0.36,1,0.07,0,0,MASTERS,FEMALE,SINGLE,0,BRANCH
CUST002558,2022-05-19,43,20309.0,SALARIED,OWN,5000,0.35,622.0,3,0,8,0,0,15,0.17,0,0.33,0,0,BACHELORS,FEMALE,SINGLE,1,ONLINE
CUST000099,2022-12-10,23,9487.0,SALARIED,OWN,30000,0.15,606.0,3,1,3,3,0,6,0.39,1,0.09,0,0,OTHER,MALE,MARRIED,1,ONLINE
CUST002201,2022-08-02,62,11748.0,SALARIED,OWN,10000,0.09,764.0,0,1,4,0,0,7,0.11,1,0.24,0,0,MASTERS,FEMALE,MARRIED,0,ONLINE
CUST002962,2022-07-16,59,8951.0,SELF-EMPLOYED,RENT,15000,0.59,723.0,1,0,7,0,0,15,0.29,1,0.74,0,0,BACHELORS,MALE,SINGLE,0,DSA
CUST004974,2022-10-25,43,9279.0,SALARIED,OWN,20000,0.29,688.0,5,1,4,1,1,3,0.44,2,0.39,0,0,BACHELORS,FEMALE,MARRIED,0,DSA
CUST004434,2022-11-15,61,13837.0,SALARIED,OWN,50000,0.33,755.0,2,0,4,1,0,12,0.09,1,0.28,0,0,BACHELORS,MALE,MARRIED,1,BRANCH
CUST003778,2022-01-21,60,13537.0,SALARIED,RENT,10000,0.23,675.0,2,0,4,0,0,3,0.22,1,0.32,0,0,BACHELORS,FEMALE,MARRIED,0,BRANCH
CUST002870,2022-05-23,58,14374.0,SALARIED,RENT,10000,0.25,730.0,3,0,2,2,0,12,0.31,1,0.13,0,0,OTHER,MALE,MARRIED,1,BRANCH
CUST003235,2022-12-06,32,13853.0,SELF-EMPLOYED,RENT,20000,0.46,662.0,0,0,5,0,0,9,0.16,3,0.28,0,1,OTHER,MALE,MARRIED,0,ONLINE
CUST003792,2022-03-15,29,8680.0,SALARIED,RENT,20000,0.18,601.0,1,0,3,1,0,3,0.3,2,0.36,0,0,BACHELORS,FEMALE,MARRIED,0,BRANCH
CUST000957,2022-05-17,52,9983.0,SALARIED,OWN,10000,0.4,683.0,3,0,3,0,0,1,0.19,1,0.27,0,0,MASTERS,FEMALE,MARRIED,0,BRANCH
CUST004068,2022-05-19,29,15971.0,SELF-EMPLOYED,RENT,15000,0.49,596.0,1,1,5,0,0,14,0.31,1,0.23,0,0,BACHELORS,MALE,SINGLE,0,BRANCH
CUST000161,2022-02-14,41,13181.0,SELF-EMPLOYED,RENT,50000,0.41,725.0,2,0,3,1,0,5,0.35,0,0.59,0,1,BACHELORS,MALE,MARRIED,0,BRANCH
CUST004494,2022-02-07,21,10905.0,SALARIED,OWN,50000,0.41,568.0,3,0,3,0,0,0,0.22,0,0.3,0,1,MASTERS,FEMALE,SINGLE,1,ONLINE
CUST001301,2022-08-10,57,10284.0,SALARIED,OWN,20000,0.19,718.0,4,0,3,4,0,17,0.1,2,0.25,0,0,BACHELORS,FEMALE,SINGLE,0,ONLINE
CUST004912,2022-07-26,35,6358.0,SALARIED,OTHER,10000,0.35,665.0,4,0,2,2,0,9,0.15,0,0.24,0,0,MASTERS,FEMALE,SINGLE,1,DSA
CUST003988,2022-03-25,29,21606.0,SALARIED,OWN,20000,0.1,711.0,2,0,5,0,0,12,0.23,1,0.17,0,0,BACHELORS,MALE,SINGLE,0,DSA
CUST001528,2022-11-01,51,11545.0,SALARIED,RENT,50000,0.24,736.0,0,0,3,0,0,0,0.19,1,0.5,0,0,BACHELORS,FEMALE,MARRIED,0,BRANCH
CUST001219,2022-07-30,33,9527.0,SALARIED,RENT,20000,0.52,735.0,1,0,5,1,0,16,0.28,1,0.51,0,0,MASTERS,MALE,SINGLE,0,BRANCH
CUST004497,2022-07-21,25,7226.0,SALARIED,OWN,20000,0.42,630.0,0,0,5,0,0,9,0.18,3,0.39,0,0,BACHELORS,FEMALE,MARRIED,0,DSA
CUST004736,2022-09-02,63,14301.0,SALARIED,OWN,10000,0.34,667.0,3,1,1,3,1,18,0.41,1,0.29,1,0,OTHER,FEMALE,MARRIED,0,BRANCH
CUST003105,2022-04-10,45,20205.0,SALARIED,OTHER,20000,0.25,623.0,1,0,8,0,0,2,0.36,0,0.3,0,0,MASTERS,FEMALE,MARRIED,0,BRANCH
CUST002736,2022-07-05,22,11177.0,SALARIED,RENT,15000,0.34,663.0,3,0,3,2,0,12,0.27,0,0.12,0,0,BACHELORS,MALE,DIVORCED,0,DSA
CUST004556,2022-04-22,35,14263.0,SALARIED,OWN,20000,0.26,708.0,4,0,1,4,0,13,0.25,0,0.17,1,0,MASTERS,MALE,MARRIED,0,BRANCH
CUST000955,2022-06-01,24,4639.0,SELF-EMPLOYED,OTHER,20000,0.58,655.0,1,0,5,1,0,9,0.18,1,0.31,0,0,BACHELORS,MALE,MARRIED,0,BRANCH
CUST004566,2022-09-03,40,16787.0,SELF-EMPLOYED,OWN,20000,0.4,688.0,2,0,9,0,0,12,0.49,1,0.08,0,0,MASTERS,MALE,MARRIED,1,ONLINE
CUST003447,2022-02-11,39,20142.0,SELF-EMPLOYED,OWN,10000,0.47,789.0,4,0,3,3,0,18,0.21,2,0.56,0,0,OTHER,MALE,DIVORCED,1,BRANCH
CUST001046,2022-12-05,38,12573.0,SELF-EMPLOYED,RENT,15000,0.44,685.0,2,0,6,2,0,18,0.48,3,0.3,0,0,BACHELORS,FEMALE,MARRIED,0,ONLINE
CUST001694,2022-07-15,50,17582.0,SELF-EMPLOYED,RENT,5000,0.48,728.0,2,0,2,1,0,11,0.17,0,0.13,0,0,OTHER,FEMALE,MARRIED,0,ONLINE
CUST003437,2022-10-05,45,10657.0,SELF-EMPLOYED,RENT,15000,0.4,639.0,3,0,5,0,0,18,0.29,3,0.4,0,0,MASTERS,FEMALE,SINGLE,0,BRANCH
CUST000563,2022-03-25,55,21168.0,SALARIED,OTHER,15000,0.35,633.0,2,0,3,0,0,12,0.32,2,0.04,0,0,OTHER,MALE,DIVORCED,0,BRANCH
CUST002486,2022-08-01,24,15541.0,SELF-EMPLOYED,OWN,30000,0.41,643.0,2,0,5,0,0,11,0.24,1,0.38,0,0,BACHELORS,MALE,SINGLE,0,DSA
CUST003355,2022-04-09,61,11923.0,SALARIED,OWN,30000,0.32,640.0,3,0,2,2,0,16,0.12,2,0.19,0,0,BACHELORS,FEMALE,SINGLE,0,DSA
CUST000226,2022-09-12,58,9601.0,SELF-EMPLOYED,RENT,15000,0.16,694.0,0,1,3,0,1,15,0.34,2,0.27,0,0,BACHELORS,MALE,DIVORCED,1,ONLINE
CUST004894,2022-12-11,49,15262.0,SELF-EMPLOYED,RENT,15000,0.24,734.0,3,0,3,2,0,17,0.19,0,0.65,0,0,BACHELORS,FEMALE,MARRIED,0,BRANCH
CUST000960,2022-01-31,48,18964.0,SALARIED,RENT,5000,0.41,657.0,2,0,4,0,0,8,0.24,1,0.31,0,1,MASTERS,FEMALE,MARRIED,0,BRANCH
CUST004549,2022-10-12,52,12934.0,SALARIED,OWN,30000,0.34,603.0,2,0,1,1,0,10,0.24,0,0.33,1,0,BACHELORS,MALE,MARRIED,0,BRANCH
CUST003068,2022-02-16,23,13637.0,SALARIED,OWN,15000,0.43,813.0,0,0,3,0,0,3,0.17,0,0.47,0,0,MASTERS,FEMALE,MARRIED,0,DSA
CUST000816,2022-09-19,36,7983.0,SALARIED,OTHER,10000,0.25,713.0,0,0,5,0,0,9,0.19,1,0.35,0,0,BACHELORS,MALE,SINGLE,0,BRANCH
CUST004755,2022-07-26,51,14869.0,SALARIED,RENT,10000,0.41,659.0,1,1,6,1,1,15,0.32,1,0.06,0,0,BACHELORS,FEMALE,MARRIED,0,ONLINE
CUST004643,2022-03-27,23,16169.0,SELF-EMPLOYED,RENT,20000,0.23,682.0,2,1,1,2,0,5,0.17,1,0.23,1,0,BACHELORS,FEMALE,DIVORCED,0,BRANCH
CUST003121,2022-04-20,25,15886.0,SALARIED,RENT,15000,0.55,738.0,2,0,5,2,0,16,0.3,0,0.19,0,1,BACHELORS,FEMALE,MARRIED,0,BRANCH
CUST000017,2022-05-30,43,16041.0,SALARIED,RENT,30000,0.57,782.0,1,0,5,0,0,12,0.2,3,0.24,0,0,BACHELORS,FEMALE,MARRIED,0,BRANCH
CUST001244,2022-09-23,54,11244.0,SALARIED,OWN,5000,0.46,733.0,0,0,2,0,0,18,0.42,2,0.3,0,0,BACHELORS,FEMALE,MARRIED,0,DSA
CUST002206,2022-01-10,55,17861.0,SALARIED,OWN,10000,0.18,768.0,1,0,1,0,0,11,0.34,2,0.25,1,0,OTHER,MALE,SINGLE,0,BRANCH
CUST002525,2022-01-10,48,4927.0,SALARIED,RENT,5000,0.32,709.0,1,0,2,0,0,13,0.17,1,0.12,0,0,BACHELORS,MALE,MARRIED,0,BRANCH
CUST001070,2022-04-14,50,10838.0,SALARIED,OWN,20000,0.37,680.0,1,0,4,1,0,18,0.25,1,0.35,0,0,MASTERS,MALE,SINGLE,0,BRANCH
CUST003445,2022-11-05,40,17502.0,SALARIED,OWN,30000,0.57,716.0,2,1,6,2,0,11,0.24,1,0.09,0,0,BACHELORS,MALE,SINGLE,0,BRANCH
CUST002566,2022-01-08,27,10213.0,SELF-EMPLOYED,RENT,10000,0.24,662.0,1,0,4,0,0,5,0.2,1,0.24,0,1,BACHELORS,MALE,MARRIED,0,BRANCH
CUST001061,2022-05-05,38,16764.0,SALARIED,OWN,15000,0.51,716.0,5,1,2,5,1,10,0.12,1,0.19,0,0,BACHELORS,MALE,SINGLE,1,BRANCH
CUST002328,2022-04-25,44,10480.0,SALARIED,OWN,20000,0.36,718.0,1,1,3,0,1,8,0.18,0,0.52,0,1,BACHELORS,MALE,MARRIED,1,DSA
CUST003421,2022-02-06,44,11592.0,SALARIED,OWN,5000,0.37,659.0,4,0,2,2,0,9,0.29,0,0.12,0,0,BACHELORS,FEMALE,MARRIED,0,ONLINE
CUST000302,2022-10-31,40,15086.0,SALARIED,RENT,15000,0.35,621.0,2,0,5,0,0,0,0.14,0,0.34,0,0,MASTERS,MALE,MARRIED,0,DSA
CUST004277,2022-02-02,51,17264.0,SALARIED,RENT,30000,0.09,619.0,2,0,7,1,0,17,0.26,1,0.23,0,1,BACHELORS,MALE,DIVORCED,0,BRANCH
CUST000607,2022-06-23,35,14150.0,SELF-EMPLOYED,OWN,5000,0.5,763.0,2,0,3,2,0,4,0.21,1,0.58,0,0,BACHELORS,FEMALE,DIVORCED,0,DSA
CUST003171,2022-05-29,52,12577.0,SELF-EMPLOYED,RENT,30000,0.52,619.0,0,0,7,0,0,6,0.16,1,0.22,0,0,BACHELORS,FEMALE,SINGLE,0,ONLINE
CUST000700,2022-02-10,52,11820.0,SELF-EMPLOYED,OWN,30000,0.54,675.0,0,0,4,0,0,17,0.2,0,0.17,0,0,MASTERS,MALE,SINGLE,0,ONLINE
CUST001140,2022-04-14,39,11343.0,SELF-EMPLOYED,OWN,15000,0.36,794.0,0,0,5,0,0,10,0.34,1,0.13,0,0,BACHELORS,FEMALE,MARRIED,0,DSA
CUST000191,2022-11-11,32,11054.0,SALARIED,RENT,15000,0.46,671.0,3,1,5,1,1,3,0.36,2,0.27,0,0,OTHER,MALE,SINGLE,0,BRANCH
CUST002301,2022-07-28,21,4112.0,SELF-EMPLOYED,OWN,30000,0.39,679.0,1,0,3,1,0,17,0.35,1,0.28,0,0,MASTERS,FEMALE,MARRIED,0,DSA
CUST000981,2022-05-13,49,3000.0,SALARIED,OWN,20000,0.4,703.0,1,1,3,1,1,2,0.22,1,0.56,0,0,BACHELORS,MALE,SINGLE,0,ONLINE
CUST002976,2022-07-29,56,8088.0,SALARIED,RENT,10000,0.11,676.0,3,0,3,3,0,4,0.39,0,0.4,0,0,MASTERS,MALE,SINGLE,0,BRANCH
CUST001185,2022-05-08,38,14997.0,SELF-EMPLOYED,OTHER,15000,0.24,716.0,1,0,6,0,0,4,0.29,0,0.21,0,0,BACHELORS,MALE,DIVORCED,0,DSA
CUST003328,2022-03-25,32,13186.0,SELF-EMPLOYED,RENT,15000,0.38,689.0,3,0,1,0,0,14,0.4,2,0.25,1,0,OTHER,FEMALE,MARRIED,0,DSA
CUST003395,2022-06-25,60,11883.0,SALARIED,RENT,15000,0.38,648.0,1,0,4,1,0,4,0.19,1,0.31,0,0,MASTERS,MALE,SINGLE,0,BRANCH
CUST000128,2022-09-14,33,11680.0,SALARIED,RENT,30000,0.49,750.0,1,0,5,0,0,9,0.22,3,0.27,0,0,BACHELORS,FEMALE,SINGLE,0,BRANCH
CUST002066,2022-03-17,49,10801.0,SALARIED,OWN,20000,0.38,668.0,2,0,4,0,0,4,0.17,1,0.19,0,0,BACHELORS,MALE,SINGLE,0,BRANCH
CUST001817,2022-03-27,61,8361.0,SALARIED,RENT,20000,0.21,651.0,1,1,7,0,0,18,0.08,0,0.29,0,0,BACHELORS,MALE,SINGLE,0,DSA
CUST000570,2022-08-21,32,9361.0,SALARIED,OWN,15000,0.6,566.0,2,0,7,0,0,13,0.42,1,0.45,0,0,MASTERS,FEMALE,SINGLE,0,BRANCH
CUST001896,2022-12-27,53,7697.0,SALARIED,OWN,20000,0.12,729.0,4,0,5,2,0,2,0.26,0,0.23,0,0,BACHELORS,MALE,SINGLE,0,ONLINE
CUST002734,2022-08-17,54,3000.0,SALARIED,OWN,20000,0.17,810.0,1,1,1,1,1,5,0.53,3,0.43,1,0,MASTERS,MALE,SINGLE,0,ONLINE
CUST003864,2022-03-20,42,7901.0,SALARIED,RENT,20000,0.49,583.0,0,1,3,0,0,3,0.3,1,0.47,0,0,MASTERS,MALE,MARRIED,0,BRANCH
CUST004722,2022-07-30,50,9077.0,SELF-EMPLOYED,RENT,15000,0.44,638.0,0,1,6,0,0,13,0.23,0,0.38,0,0,OTHER,FEMALE,MARRIED,0,ONLINE
CUST004015,2022-06-22,37,13681.0,SELF-EMPLOYED,RENT,15000,0.64,727.0,4,1,4,1,0,3,0.24,1,0.37,0,0,MASTERS,FEMALE,SINGLE,0,DSA
CUST002902,2022-06-26,23,6552.0,SALARIED,RENT,30000,0.5,657.0,2,0,1,0,0,16,0.19,1,0.27,1,0,BACHELORS,MALE,MARRIED,0,BRANCH
CUST001687,2022-08-12,40,16713.0,SALARIED,RENT,15000,0.47,740.0,0,0,5,0,0,8,0.11,0,0.43,0,0,BACHELORS,FEMALE,MARRIED,0,BRANCH
CUST003010,2022-09-17,41,7499.0,SALARIED,OTHER,10000,0.15,706.0,1,0,6,1,0,2,0.32,0,0.11,0,0,OTHER,FEMALE,SINGLE,1,DSA
CUST000155,2022-07-06,52,10861.0,SALARIED,OTHER,15000,0.39,708.0,1,1,3,0,0,11,0.34,5,0.37,0,0,BACHELORS,MALE,MARRIED,0,ONLINE
CUST002538,2022-12-09,29,18113.0,SELF-EMPLOYED,OWN,15000,0.31,656.0,1,0,7,0,0,9,0.31,1,0.07,0,1,MASTERS,MALE,DIVORCED,0,BRANCH
CUST001410,2022-05-09,59,7388.0,SELF-EMPLOYED,RENT,10000,0.47,677.0,0,0,1,0,0,1,0.34,0,0.43,1,0,BACHELORS,MALE,SINGLE,0,DSA
CUST004058,2022-02-10,27,14460.0,SELF-EMPLOYED,RENT,15000,0.34,624.0,3,1,4,3,0,0,0.23,2,0.27,0,0,BACHELORS,FEMALE,MARRIED,0,BRANCH
CUST000785,2022-03-07,54,9798.0,SALARIED,OWN,15000,0.19,617.0,0,0,5,0,0,2,0.31,2,0.2,0,0,BACHELORS,FEMALE,SINGLE,0,ONLINE
CUST003176,2022-06-21,49,12263.0,SALARIED,RENT,15000,0.24,726.0,2,0,3,1,0,17,0.18,1,0.47,0,0,BACHELORS,FEMALE,MARRIED,0,ONLINE
CUST004342,2022-10-17,57,9985.0,SALARIED,OWN,5000,0.22,621.0,3,0,5,1,0,4,0.3,1,0.15,0,0,BACHELORS,FEMALE,MARRIED,0,BRANCH
CUST002807,2022-11-16,56,14661.0,SELF-EMPLOYED,RENT,15000,0.51,598.0,4,1,3,1,1,12,0.11,1,0.11,0,0,BACHELORS,FEMALE,MARRIED,1,BRANCH
CUST000538,2022-10-04,30,7159.0,SELF-EMPLOYED,OWN,15000,0.3,701.0,1,0,5,1,0,13,0.24,0,0.37,0,0,MASTERS,MALE,SINGLE,0,BRANCH
CUST001842,2022-11-13,53,13182.0,SALARIED,RENT,10000,0.19,715.0,3,0,3,1,0,15,0.25,1,0.43,0,0,BACHELORS,FEMALE,SINGLE,0,BRANCH
CUST002456,2022-12-25,39,22547.0,SALARIED,RENT,15000,0.28,664.0,1,0,3,0,0,17,0.14,0,0.84,0,0,BACHELORS,MALE,DIVORCED,0,BRANCH
CUST000525,2022-08-03,38,18318.0,SALARIED,OWN,20000,0.44,711.0,0,0,1,0,0,15,0.29,1,0.23,1,0,BACHELORS,MALE,SINGLE,0,ONLINE
CUST002951,2022-09-05,55,17819.0,SALARIED,OWN,15000,0.46,687.0,1,0,7,0,0,14,0.27,0,0.09,0,0,OTHER,FEMALE,SINGLE,0,BRANCH
CUST004132,2022-01-03,57,13135.0,SALARIED,OTHER,20000,0.46,764.0,2,0,4,1,0,4,0.28,1,0.03,0,0,BACHELORS,MALE,SINGLE,0,BRANCH
CUST004781,2022-07-26,38,16225.0,SALARIED,OWN,15000,0.2,751.0,1,0,6,1,0,16,0.13,0,0.44,0,0,BACHELORS,FEMALE,MARRIED,0,DSA
CUST004116,2022-06-30,31,16187.0,SELF-EMPLOYED,OTHER,10000,0.31,615.0,3,1,6,0,1,10,0.38,1,0.14,0,0,MASTERS,FEMALE,DIVORCED,0,BRANCH
CUST002369,2022-01-12,64,10749.0,SALARIED,OTHER,15000,0.12,662.0,0,0,5,0,0,3,0.19,0,0.24,0,0,BACHELORS,MALE,DIVORCED,0,DSA
CUST003848,2022-11-03,34,16781.0,SALARIED,RENT,15000,0.43,699.0,0,0,5,0,0,14,0.05,2,0.3,0,1,BACHELORS,MALE,SINGLE,0,ONLINE
CUST004496,2022-05-13,21,10098.0,SALARIED,RENT,20000,0.45,748.0,1,0,4,1,0,5,0.26,1,0.44,0,0,BACHELORS,FEMALE,MARRIED,0,BRANCH
CUST002702,2022-08-31,26,11936.0,SALARIED,RENT,10000,0.36,595.0,0,1,5,0,1,10,0.33,2,0.19,0,0,MASTERS,FEMALE,SINGLE,1,ONLINE
CUST000972,2022-04-28,34,15850.0,SALARIED,RENT,10000,0.14,755.0,0,1,2,0,0,3,0.25,0,0.17,0,1,BACHELORS,MALE,DIVORCED,0,ONLINE
CUST001167,2022-02-24,30,8359.0,SELF-EMPLOYED,RENT,10000,0.28,660.0,4,0,3,1,0,11,0.23,3,0.42,0,0,BACHELORS,FEMALE,SINGLE,0,DSA
CUST004930,2022-01-26,32,18517.0,SALARIED,OWN,15000,0.23,650.0,4,0,6,1,0,7,0.41,3,0.05,0,0,MASTERS,MALE,MARRIED,1,DSA
CUST002775,2022-07-17,59,9687.0,SALARIED,RENT,5000,0.26,670.0,2,0,5,1,0,16,0.24,0,0.09,0,0,MASTERS,FEMALE,SINGLE,0,BRANCH
CUST001983,2022-09-14,42,8788.0,SALARIED,OWN,10000,0.08,647.0,0,0,2,0,0,1,0.2,2,0.47,0,0,BACHELORS,FEMALE,MARRIED,0,BRANCH
CUST000854,2022-02-15,22,14654.0,SALARIED,OWN,10000,0.4,609.0,2,0,3,2,0,1,0.11,2,0.33,0,0,MASTERS,MALE,MARRIED,0,BRANCH
CUST004147,2022-04-22,33,12772.0,SELF-EMPLOYED,OWN,5000,0.05,658.0,4,0,3,2,0,18,0.15,0,0.19,0,1,BACHELORS,MALE,SINGLE,0,DSA
CUST003737,2022-04-11,35,3741.0,SALARIED,OWN,15000,0.21,703.0,1,0,4,1,0,16,0.23,1,0.14,0,1,BACHELORS,MALE,SINGLE,0,DSA
CUST003770,2022-01-03,30,17423.0,SALARIED,OWN,20000,0.17,662.0,4,0,6,3,0,10,0.3,1,0.3,0,0,OTHER,MALE,SINGLE,0,BRANCH
CUST000575,2022-08-11,46,8426.0,SALARIED,OWN,10000,0.53,646.0,2,1,1,0,1,0,0.14,1,0.39,1,0,BACHELORS,MALE,DIVORCED,0,ONLINE
CUST003262,2022-12-10,59,12857.0,SALARIED,RENT,20000,0.17,791.0,3,0,3,2,0,10,0.29,3,0.27,0,0,OTHER,MALE,MARRIED,0,DSA
CUST001149,2022-04-16,43,7604.0,SALARIED,OWN,10000,0.26,627.0,1,0,3,0,0,17,0.13,1,0.05,0,0,MASTERS,MALE,SINGLE,0,BRANCH
CUST001716,2022-01-29,41,15456.0,SALARIED,RENT,50000,0.53,670.0,0,0,3,0,0,16,0.4,1,0.28,0,0,BACHELORS,MALE,MARRIED,0,ONLINE
CUST004778,2022-12-22,56,12870.0,SALARIED,OWN,10000,0.49,652.0,0,0,3,0,0,16,0.36,1,0.34,0,0,BACHELORS,FEMALE,MARRIED,0,BRANCH
CUST004934,2022-05-30,40,13648.0,SALARIED,RENT,30000,0.38,657.0,3,0,6,0,0,7,0.24,2,0.23,0,0,OTHER,MALE,MARRIED,0,ONLINE
CUST003855,2022-08-02,55,8295.0,SELF-EMPLOYED,RENT,5000,0.28,681.0,1,0,4,1,0,7,0.27,0,0.17,0,0,BACHELORS,MALE,MARRIED,0,BRANCH
CUST002492,2022-06-09,39,14340.0,SALARIED,OWN,20000,0.57,693.0,2,0,5,2,0,14,0.34,3,0.23,0,0,OTHER,MALE,MARRIED,0,BRANCH
CUST002661,2022-01-19,32,17815.0,SALARIED,OTHER,20000,0.05,684.0,5,0,4,4,0,4,0.2,1,0.23,0,0,MASTERS,FEMALE,SINGLE,0,BRANCH
CUST003125,2022-06-22,63,11743.0,SALARIED,OTHER,30000,0.37,702.0,1,0,3,1,0,17,0.53,0,0.45,0,0,BACHELORS,FEMALE,SINGLE,0,BRANCH
CUST003052,2022-10-06,49,12807.0,SALARIED,RENT,30000,0.2,722.0,1,0,3,0,0,15,0.22,0,0.36,0,0,BACHELORS,FEMALE,MARRIED,0,BRANCH
CUST000005,2022-03-13,56,15042.0,SALARIED,OWN,5000,0.28,708.0,2,0,8,0,0,13,0.19,3,0.38,0,0,MASTERS,MALE,MARRIED,0,BRANCH
CUST004870,2022-07-16,45,7476.0,SELF-EMPLOYED,OWN,15000,0.38,675.0,4,0,4,0,0,5,0.42,0,0.12,0,0,MASTERS,MALE,SINGLE,0,DSA
CUST000877,2022-04-23,22,18769.0,SALARIED,OWN,20000,0.54,642.0,3,0,7,1,0,3,0.17,0,0.32,0,0,OTHER,MALE,SINGLE,0,BRANCH
CUST000992,2022-01-01,37,13829.0,SELF-EMPLOYED,OWN,5000,0.47,644.0,4,0,6,1,0,15,0.18,0,0.41,0,0,BACHELORS,FEMALE,SINGLE,0,BRANCH
CUST004143,2022-01-30,48,7561.0,SELF-EMPLOYED,RENT,5000,0.51,634.0,1,0,5,1,0,5,0.43,1,0.63,0,0,MASTERS,FEMALE,MARRIED,0,BRANCH
CUST004365,2022-09-05,50,16789.0,SELF-EMPLOYED,OTHER,30000,0.06,588.0,1,1,3,0,0,6,0.21,2,0.25,0,0,BACHELORS,FEMALE,SINGLE,0,BRANCH
CUST004466,2022-04-17,32,9815.0,SALARIED,RENT,20000,0.45,586.0,0,1,3,0,1,10,0.22,2,0.31,0,0,MASTERS,FEMALE,SINGLE,0,BRANCH
CUST000636,2022-12-12,56,12338.0,SALARIED,OWN,10000,0.35,700.0,0,0,4,0,0,15,0.12,3,0.29,0,0,MASTERS,FEMALE,SINGLE,0,DSA
CUST001694,2022-07-15,50,17582.0,SELF-EMPLOYED,RENT,5000,0.48,728.0,2,0,2,1,0,11,0.17,0,0.13,0,0,OTHER,FEMALE,MARRIED,0,ONLINE
CUST001683,2022-06-12,50,10178.0,SALARIED,OWN,30000,0.26,679.0,1,0,2,0,0,7,0.32,2,0.38,0,0,OTHER,MALE,SINGLE,1,BRANCH
CUST004753,2022-05-18,31,16359.0,SELF-EMPLOYED,OWN,10000,0.05,712.0,2,0,6,2,0,1,0.31,1,0.38,0,1,MASTERS,MALE,MARRIED,0,ONLINE
CUST000120,2022-04-09,41,15413.0,SALARIED,OTHER,20000,0.31,661.0,4,0,6,4,0,12,0.28,2,0.01,0,0,BACHELORS,FEMALE,MARRIED,0,DSA
CUST000831,2022-07-03,60,12150.0,SALARIED,OWN,5000,0.16,691.0,2,0,7,0,0,7,0.11,3,0.24,0,0,BACHELORS,MALE,MARRIED,0,BRANCH
CUST003676,2022-12-27,38,5854.0,SALARIED,RENT,5000,0.55,702.0,2,0,5,2,0,11,0.15,1,0.24,0,0,BACHELORS,MALE,MARRIED,0,BRANCH
CUST001370,2022-12-29,29,17775.0,SELF-EMPLOYED,OWN,15000,0.16,707.0,1,0,4,0,0,12,0.33,3,0.38,0,1,MASTERS,FEMALE,SINGLE,0,BRANCH
CUST000741,2022-11-07,63,20231.0,SALARIED,RENT,20000,0.45,781.0,3,1,6,3,0,2,0.46,0,0.45,0,0,OTHER,MALE,SINGLE,0,BRANCH
CUST000117,2022-03-03,45,14282.0,SELF-EMPLOYED,OWN,15000,0.34,682.0,2,0,3,2,0,19,0.22,0,0.16,0,0,BACHELORS,FEMALE,SINGLE,0,BRANCH
CUST002839,2022-08-08,28,20857.0,SALARIED,RENT,30000,0.41,715.0,4,1,1,2,1,7,0.27,1,0.23,1,0,BACHELORS,FEMALE,MARRIED,0,BRANCH
CUST001151,2022-10-14,33,11646.0,SALARIED,OWN,15000,0.36,636.0,2,0,5,2,0,6,0.23,0,0.52,0,0,MASTERS,MALE,SINGLE,0,DSA
CUST001932,2022-05-05,34,12119.0,SALARIED,RENT,30000,0.43,693.0,1,0,3,1,0,5,0.25,2,0.14,0,0,BACHELORS,FEMALE,DIVORCED,0,ONLINE
CUST001013,2022-11-15,29,9002.0,SALARIED,RENT,10000,0.38,693.0,1,1,4,1,1,13,0.17,1,0.07,0,0,BACHELORS,FEMALE,MARRIED,0,DSA
CUST001665,2022-09-15,41,13825.0,SELF-EMPLOYED,RENT,10000,0.29,770.0,4,0,3,2,0,2,0.16,2,0.03,0,0,BACHELORS,FEMALE,SINGLE,0,BRANCH
CUST001082,2022-08-19,64,16346.0,SALARIED,OWN,15000,0.44,661.0,1,0,3,1,0,6,0.27,5,0.26,0,0,BACHELORS,FEMALE,MARRIED,0,BRANCH
CUST004730,2022-08-08,23,19059.0,SALARIED,RENT,30000,0.41,605.0,4,0,5,2,0,16,0.21,1,0.5,0,1,BACHELORS,FEMALE,SINGLE,0,ONLINE
CUST000513,2022-03-06,21,8908.0,SALARIED,OWN,15000,0.28,740.0,3,0,2,2,0,5,0.11,0,0.09,0,0,OTHER,MALE,MARRIED,0,BRANCH
CUST002850,2022-02-13,49,9106.0,SALARIED,RENT,15000,0.61,659.0,3,0,4,2,0,15,0.19,2,0.27,0,0,BACHELORS,MALE,MARRIED,0,ONLINE
CUST000560,2022-10-13,31,10567.0,SELF-EMPLOYED,OWN,20000,0.5,630.0,4,0,2,3,0,13,0.21,2,0.29,0,0,MASTERS,MALE,SINGLE,1,ONLINE
CUST003673,2022-12-20,48,16313.0,SALARIED,RENT,30000,0.33,588.0,1,0,5,1,0,13,0.24,2,0.51,0,0,MASTERS,FEMALE,DIVORCED,0,ONLINE
CUST004584,2022-05-07,26,13721.0,SALARIED,OWN,20000,0.49,687.0,0,0,2,0,0,2,0.47,0,0.37,0,0,OTHER,MALE,SINGLE,1,ONLINE
CUST004993,2022-03-13,52,10673.0,SALARIED,RENT,30000,0.35,651.0,2,0,1,0,0,5,0.06,0,0.18,1,0,MASTERS,MALE,SINGLE,0,BRANCH
CUST003344,2022-08-01,51,15306.0,SELF-EMPLOYED,OTHER,20000,0.49,658.0,1,0,6,1,0,13,0.29,1,0.18,0,0,BACHELORS,FEMALE,SINGLE,1,ONLINE
CUST004071,2022-04-09,24,7812.0,SELF-EMPLOYED,OTHER,15000,0.51,757.0,1,0,4,1,0,15,0.25,1,0.61,0,0,OTHER,MALE,SINGLE,0,BRANCH
CUST004800,2022-04-30,23,9363.0,SALARIED,OWN,5000,0.37,655.0,1,0,5,1,0,15,0.09,1,0.05,0,0,MASTERS,FEMALE,MARRIED,0,BRANCH
CUST001471,2022-04-13,26,8083.0,SALARIED,OWN,5000,0.25,617.0,3,0,4,1,0,3,0.29,1,0.15,0,1,BACHELORS,FEMALE,MARRIED,0,ONLINE
CUST000581,2022-01-25,60,16797.0,SALARIED,RENT,15000,0.28,688.0,4,1,3,2,0,8,0.32,1,0.56,0,0,BACHELORS,MALE,MARRIED,0,BRANCH
CUST002295,2022-11-22,62,11241.0,SALARIED,OWN,10000,0.25,652.0,5,1,7,3,0,3,0.17,1,0.45,0,0,BACHELORS,MALE,MARRIED,0,BRANCH
CUST003148,2022-08-10,41,10804.0,SELF-EMPLOYED,RENT,5000,0.41,644.0,3,1,8,3,1,6,0.25,3,0.17,0,0,BACHELORS,MALE,MARRIED,0,DSA
CUST004250,2022-01-02,62,7523.0,SELF-EMPLOYED,RENT,5000,0.16,632.0,0,0,5,0,0,16,0.41,2,0.2,0,0,BACHELORS,MALE,SINGLE,0,BRANCH
CUST001680,2022-07-07,39,4763.0,SALARIED,OWN,30000,0.32,680.0,3,1,3,2,1,7,0.46,1,0.1,0,1,MASTERS,FEMALE,MARRIED,0,BRANCH
CUST003507,2022-11-04,57,11008.0,SELF-EMPLOYED,RENT,5000,0.18,629.0,2,0,4,0,0,17,0.16,0,0.54,0,0,BACHELORS,MALE,MARRIED,0,ONLINE
CUST002745,2022-03-01,44,12494.0,SELF-EMPLOYED,OWN,20000,0.46,598.0,1,1,5,1,0,3,0.21,1,0.51,0,1,OTHER,FEMALE,SINGLE,0,BRANCH
CUST003357,2022-05-02,55,16669.0,SALARIED,OWN,15000,0.35,714.0,2,0,4,1,0,9,0.36,0,0.21,0,0,OTHER,MALE,SINGLE,0,ONLINE
CUST004046,2022-03-23,38,15968.0,SALARIED,OWN,30000,0.42,714.0,2,0,6,1,0,5,0.4,1,0.13,0,0,MASTERS,FEMALE,MARRIED,0,BRANCH
CUST001244,2022-09-23,54,11244.0,SALARIED,OWN,5000,0.46,733.0,0,0,2,0,0,18,0.42,2,0.3,0,0,BACHELORS,FEMALE,MARRIED,0,DSA
CUST003119,2022-05-30,38,12653.0,SALARIED,RENT,5000,0.75,678.0,4,1,2,4,1,7,0.34,1,0.35,0,0,MASTERS,FEMALE,MARRIED,0,BRANCH
CUST002142,2022-12-09,53,16061.0,SELF-EMPLOYED,OTHER,10000,0.24,724.0,0,0,5,0,0,1,0.23,0,0.5,0,0,MASTERS,FEMALE,MARRIED,0,BRANCH
CUST003060,2022-09-28,49,7278.0,SALARIED,RENT,5000,0.49,651.0,3,0,6,2,0,9,0.31,0,0.08,0,0,BACHELORS,FEMALE,SINGLE,0,BRANCH
CUST004549,2022-10-12,52,12934.0,SALARIED,OWN,30000,0.34,603.0,2,0,1,1,0,10,0.24,0,0.33,1,0,BACHELORS,MALE,MARRIED,0,BRANCH
CUST002960,2022-03-30,43,13382.0,SALARIED,OWN,20000,0.29,614.0,3,0,3,0,0,10,0.24,3,0.13,0,0,MASTERS,MALE,MARRIED,0,BRANCH
CUST002266,2022-06-16,49,11716.0,SELF-EMPLOYED,RENT,30000,0.37,692.0,0,0,4,0,0,15,0.14,2,0.15,0,0,BACHELORS,FEMALE,SINGLE,0,DSA
CUST002480,2022-03-20,50,12042.0,SELF-EMPLOYED,OTHER,10000,0.16,670.0,0,0,6,0,0,7,0.13,2,0.52,0,0,MASTERS,MALE,MARRIED,0,BRANCH
CUST004647,2022-08-21,34,11626.0,SELF-EMPLOYED,OWN,20000,0.27,638.0,3,0,5,0,0,11,0.32,2,0.07,0,0,MASTERS,MALE,SINGLE,0,BRANCH
CUST001636,2022-12-19,43,9184.0,SELF-EMPLOYED,RENT,15000,0.58,697.0,2,0,2,1,0,19,0.17,0,0.38,0,0,OTHER,FEMALE,SINGLE,0,ONLINE
CUST001758,2022-07-27,43,12570.0,SALARIED,RENT,15000,0.25,728.0,2,0,2,0,0,0,0.3,2,0.18,0,0,BACHELORS,MALE,SINGLE,0,DSA
CUST004453,2022-12-04,49,3000.0,SALARIED,RENT,30000,0.22,713.0,1,0,3,1,0,10,0.18,1,0.42,0,1,BACHELORS,MALE,SINGLE,0,BRANCH
CUST002071,2022-01-01,42,13331.0,SALARIED,RENT,10000,0.42,703.0,2,0,4,1,0,15,0.33,1,0.15,0,0,BACHELORS,MALE,MARRIED,0,ONLINE
CUST002850,2022-02-13,49,9106.0,SALARIED,RENT,15000,0.61,659.0,3,0,4,2,0,15,0.19,2,0.27,0,0,BACHELORS,MALE,MARRIED,0,ONLINE
CUST003252,2022-04-16,54,14123.0,SALARIED,OTHER,20000,0.39,757.0,1,0,7,0,0,13,0.39,1,0.2,0,0,BACHELORS,FEMALE,MARRIED,0,DSA
CUST003731,2022-01-21,45,5977.0,SALARIED,OWN,30000,0.47,671.0,5,1,3,5,0,5,0.4,1,0.31,0,0,BACHELORS,FEMALE,SINGLE,0,ONLINE
CUST002490,2022-12-04,38,13125.0,SALARIED,OWN,30000,0.37,626.0,2,0,3,2,0,15,0.41,0,0.12,0,0,OTHER,FEMALE,MARRIED,0,ONLINE
CUST001632,2022-05-27,56,12945.0,SALARIED,RENT,15000,0.41,710.0,4,0,5,3,0,5,0.25,1,0.53,0,0,OTHER,FEMALE,SINGLE,0,ONLINE
CUST002817,2022-08-19,64,16029.0,SELF-EMPLOYED,OWN,20000,0.13,637.0,1,1,6,1,0,3,0.37,2,0.46,0,0,OTHER,FEMALE,SINGLE,0,ONLINE
CUST001016,2022-09-30,44,19267.0,SELF-EMPLOYED,OTHER,5000,0.26,719.0,3,0,2,3,0,14,0.32,1,0.07,0,0,BACHELORS,MALE,SINGLE,0,ONLINE
CUST001349,2022-03-28,54,11910.0,SALARIED,OWN,20000,0.2,626.0,1,1,1,0,1,4,0.05,0,0.18,1,0,MASTERS,FEMALE,MARRIED,0,ONLINE
CUST004612,2022-03-12,61,15978.0,SALARIED,OWN,30000,0.23,665.0,4,0,3,4,0,19,0.17,0,0.22,0,0,MASTERS,MALE,SINGLE,0,ONLINE
CUST003088,2022-05-22,51,15627.0,SALARIED,OWN,30000,0.52,752.0,1,0,2,0,0,6,0.22,0,0.26,0,1,BACHELORS,FEMALE,SINGLE,0,DSA
CUST002840,2022-06-12,28,6609.0,SALARIED,RENT,50000,0.34,702.0,0,0,3,0,0,7,0.28,2,0.06,0,1,MASTERS,MALE,MARRIED,0,BRANCH
CUST000336,2022-04-09,25,9446.0,SALARIED,OTHER,15000,0.58,697.0,0,0,7,0,0,19,0.13,1,0.24,0,0,BACHELORS,FEMALE,SINGLE,1,ONLINE
CUST004593,2022-01-19,46,8425.0,SALARIED,RENT,15000,0.32,715.0,0,0,5,0,0,2,0.18,1,0.33,0,1,MASTERS,FEMALE,MARRIED,0,BRANCH
CUST000896,2022-01-03,58,15281.0,SELF-EMPLOYED,RENT,15000,0.19,709.0,4,0,3,2,0,0,0.36,1,0.19,0,0,BACHELORS,FEMALE,MARRIED,0,BRANCH
CUST003547,2022-04-24,50,5163.0,SALARIED,OWN,10000,0.27,695.0,1,0,3,1,0,10,0.34,1,0.38,0,1,OTHER,MALE,MARRIED,0,ONLINE
CUST000852,2022-01-12,51,8373.0,SALARIED,RENT,5000,0.13,628.0,1,1,1,0,0,16,0.27,2,0.12,1,0,OTHER,MALE,MARRIED,0,BRANCH
CUST001688,2022-11-15,49,13633.0,SALARIED,RENT,10000,0.49,617.0,2,0,5,2,0,14,0.16,2,0.2,0,0,BACHELORS,FEMALE,MARRIED,0,ONLINE
CUST001932,2022-05-05,34,12119.0,SALARIED,RENT,30000,0.43,693.0,1,0,3,1,0,5,0.25,2,0.14,0,0,BACHELORS,FEMALE,DIVORCED,0,ONLINE
CUST003747,2022-08-24,53,8817.0,SELF-EMPLOYED,OWN,20000,0.39,588.0,1,0,3,0,0,11,0.14,1,0.26,0,0,BACHELORS,FEMALE,SINGLE,0,ONLINE
CUST002428,2022-05-10,41,15703.0,SALARIED,RENT,5000,0.34,573.0,0,0,5,0,0,14,0.31,0,0.24,0,0,OTHER,MALE,SINGLE,0,ONLINE
CUST001569,2022-04-09,22,6919.0,SELF-EMPLOYED,OWN,5000,0.39,694.0,2,0,8,2,0,1,0.35,5,0.4,0,0,OTHER,FEMALE,MARRIED,0,ONLINE
CUST004001,2022-06-20,51,5195.0,SALARIED,OWN,15000,0.12,656.0,3,1,4,3,0,10,0.21,0,0.3,0,0,OTHER,FEMALE,DIVORCED,0,ONLINE
CUST002739,2022-01-24,61,15239.0,SALARIED,RENT,20000,0.21,716.0,1,0,4,1,0,1,0.36,2,0.33,0,0,MASTERS,MALE,SINGLE,1,BRANCH
CUST003499,2022-01-12,48,9556.0,SALARIED,RENT,20000,0.24,645.0,2,0,5,1,0,9,0.22,1,0.08,0,0,BACHELORS,FEMALE,DIVORCED,0,ONLINE
CUST003914,2022-06-10,48,11094.0,SALARIED,OWN,10000,0.42,643.0,3,0,5,2,0,16,0.2,0,0.43,0,0,OTHER,FEMALE,DIVORCED,0,DSA
CUST001067,2022-05-25,30,10346.0,SALARIED,OWN,5000,0.32,693.0,0,0,3,0,0,9,0.33,0,0.45,0,1,OTHER,FEMALE,MARRIED,0,ONLINE
CUST004381,2022-02-15,42,18179.0,SALARIED,RENT,20000,0.28,665.0,1,0,2,0,0,3,0.39,1,0.12,0,0,BACHELORS,MALE,MARRIED,0,ONLINE
CUST002445,2022-07-09,64,6165.0,SELF-EMPLOYED,OTHER,15000,0.71,640.0,4,0,1,1,0,16,0.3,2,0.27,1,0,BACHELORS,FEMALE,MARRIED,0,BRANCH
CUST004108,2022-06-30,39,7372.0,SELF-EMPLOYED,RENT,30000,0.4,638.0,1,0,3,1,0,7,0.1,2,0.09,0,0,MASTERS,FEMALE,SINGLE,0,BRANCH
CUST003374,2022-11-09,23,12595.0,SALARIED,RENT,5000,0.24,636.0,4,0,5,3,0,9,0.17,2,0.24,0,0,BACHELORS,MALE,MARRIED,0,BRANCH
CUST003970,2022-05-05,58,13996.0,SALARIED,OWN,15000,0.31,727.0,1,0,4,0,0,3,0.17,0,0.19,0,0,MASTERS,MALE,SINGLE,0,BRANCH
CUST002547,2022-03-28,24,14230.0,SALARIED,RENT,5000,0.3,664.0,1,0,5,1,0,17,0.21,1,0.17,0,0,BACHELORS,FEMALE,MARRIED,0,BRANCH
CUST000754,2022-03-26,46,9341.0,SALARIED,RENT,5000,0.26,740.0,0,0,9,0,0,4,0.17,3,0.06,0,0,BACHELORS,MALE,SINGLE,0,ONLINE
CUST002083,2022-03-14,58,12661.0,SELF-EMPLOYED,OWN,20000,0.42,720.0,2,0,7,0,0,14,0.2,2,0.06,0,0,OTHER,MALE,MARRIED,0,BRANCH
CUST002775,2022-07-17,59,9687.0,SALARIED,RENT,5000,0.26,670.0,2,0,5,1,0,16,0.24,0,0.09,0,0,MASTERS,FEMALE,SINGLE,0,BRANCH
CUST002897,2022-12-20,21,14554.0,SALARIED,OWN,15000,0.32,599.0,1,0,2,0,0,1,0.37,0,0.33,0,0,MASTERS,MALE,SINGLE,0,BRANCH
CUST004186,2022-03-29,49,5864.0,SALARIED,RENT,20000,0.34,748.0,2,0,5,2,0,1,0.23,1,0.33,0,0,BACHELORS,FEMALE,MARRIED,0,ONLINE
CUST000776,2022-08-10,59,9279.0,SELF-EMPLOYED,OWN,50000,0.12,719.0,2,1,1,2,1,14,0.24,3,0.1,1,0,MASTERS,MALE,MARRIED,0,ONLINE
CUST001626,2022-02-09,63,9374.0,SALARIED,OWN,30000,0.53,737.0,2,1,4,0,1,9,0.19,1,0.04,0,0,MASTERS,FEMALE,MARRIED,0,BRANCH
CUST003070,2022-05-28,58,8503.0,SALARIED,RENT,15000,0.62,637.0,2,0,2,0,0,1,0.13,3,0.15,0,0,OTHER,FEMALE,MARRIED,0,BRANCH
CUST000418,2022-07-15,37,16103.0,SELF-EMPLOYED,RENT,15000,0.26,600.0,3,0,4,0,0,15,0.37,2,0.06,0,0,BACHELORS,MALE,MARRIED,0,ONLINE
CUST000115,2022-02-02,49,11217.0,SALARIED,OWN,15000,0.43,746.0,2,1,3,2,0,3,0.33,0,0.07,0,0,BACHELORS,MALE,MARRIED,1,ONLINE
CUST000617,2022-12-05,45,17559.0,SALARIED,OWN,10000,0.34,758.0,1,0,2,1,0,17,0.15,1,0.59,0,0,MASTERS,FEMALE,SINGLE,0,ONLINE
CUST003975,2022-09-02,45,10199.0,SELF-EMPLOYED,OWN,10000,0.45,702.0,2,0,8,2,0,2,0.22,0,0.43,0,0,MASTERS,MALE,DIVORCED,0,ONLINE
CUST003268,2022-02-08,50,5849.0,SELF-EMPLOYED,RENT,20000,0.22,649.0,0,0,6,0,0,19,0.42,0,0.53,0,1,MASTERS,MALE,SINGLE,0,ONLINE
CUST000826,2022-07-02,64,15236.0,SALARIED,RENT,20000,0.47,692.0,0,0,5,0,0,12,0.19,0,0.09,0,0,OTHER,MALE,MARRIED,0,BRANCH
CUST001517,2022-03-06,53,16671.0,SALARIED,OWN,30000,0.39,648.0,0,0,5,0,0,14,0.16,0,0.05,0,0,MASTERS,MALE,MARRIED,0,DSA
CUST003147,2022-11-30,38,14517.0,SALARIED,RENT,30000,0.36,636.0,3,0,3,2,0,3,0.41,0,0.19,0,0,MASTERS,MALE,SINGLE,0,BRANCH
CUST000413,2022-02-22,35,10547.0,SALARIED,OTHER,20000,0.38,618.0,4,0,6,1,0,10,0.27,0,0.58,0,0,BACHELORS,FEMALE,SINGLE,0,BRANCH
CUST000729,2022-09-24,52,8716.0,SELF-EMPLOYED,OWN,15000,0.43,700.0,2,1,1,1,0,14,0.19,2,0.19,1,0,MASTERS,MALE,MARRIED,0,ONLINE
CUST003349,2022-10-06,48,18098.0,SALARIED,OWN,30000,0.37,671.0,2,0,2,1,0,4,0.33,1,0.27,0,1,BACHELORS,FEMALE,DIVORCED,0,DSA
CUST002809,2022-03-15,26,8854.0,SALARIED,OWN,10000,0.24,611.0,1,0,2,1,0,17,0.15,1,0.18,0,0,BACHELORS,MALE,SINGLE,0,BRANCH
CUST000676,2022-01-14,30,14865.0,SELF-EMPLOYED,RENT,10000,0.39,595.0,1,0,7,0,0,19,0.27,0,0.31,0,0,BACHELORS,FEMALE,MARRIED,0,BRANCH
CUST003466,2022-09-09,40,10627.0,SALARIED,RENT,10000,0.19,600.0,3,0,1,3,0,12,0.32,0,0.16,1,0,BACHELORS,MALE,SINGLE,0,BRANCH
CUST002505,2022-09-09,29,16338.0,SALARIED,OTHER,15000,0.61,721.0,3,0,2,1,0,2,0.14,0,0.66,0,0,BACHELORS,MALE,SINGLE,0,ONLINE
CUST002968,2022-10-24,57,19009.0,SALARIED,RENT,20000,0.43,724.0,0,0,4,0,0,10,0.21,1,0.42,0,0,OTHER,FEMALE,MARRIED,0,BRANCH
CUST002787,2022-03-31,48,15322.0,SELF-EMPLOYED,OTHER,15000,0.52,652.0,3,0,2,1,0,5,0.26,1,0.44,0,0,BACHELORS,FEMALE,SINGLE,0,BRANCH
CUST001123,2022-01-11,30,13189.0,SALARIED,RENT,15000,0.27,716.0,1,1,6,0,1,2,0.37,2,0.01,0,0,OTHER,MALE,MARRIED,0,ONLINE
CUST004080,2022-02-09,44,9547.0,SALARIED,RENT,10000,0.4,721.0,2,0,3,0,0,0,0.15,0,0.1,0,1,OTHER,FEMALE,SINGLE,0,BRANCH
CUST001572,2022-03-02,34,10489.0,SALARIED,OWN,15000,0.54,629.0,1,0,1,1,0,9,0.13,0,0.15,1,1,OTHER,MALE,SINGLE,0,BRANCH
CUST002144,2022-10-29,60,22427.0,SALARIED,OWN,20000,0.37,695.0,0,0,6,0,0,0,0.2,3,0.06,0,1,MASTERS,FEMALE,SINGLE,0,ONLINE
CUST001688,2022-11-15,49,13633.0,SALARIED,RENT,10000,0.49,617.0,2,0,5,2,0,14,0.16,2,0.2,0,0,BACHELORS,FEMALE,MARRIED,0,ONLINE
CUST004133,2022-06-28,48,6301.0,SALARIED,RENT,10000,0.18,559.0,4,0,5,4,0,8,0.24,3,0.28,0,0,BACHELORS,MALE,MARRIED,0,ONLINE
CUST003852,2022-08-13,24,11820.0,SALARIED,RENT,30000,0.47,623.0,2,1,7,2,0,6,0.22,1,0.22,0,0,MASTERS,MALE,DIVORCED,0,ONLINE
CUST003441,2022-11-01,63,11570.0,SALARIED,RENT,15000,0.42,785.0,1,0,3,0,0,5,0.27,0,0.34,0,0,MASTERS,FEMALE,MARRIED,0,BRANCH
CUST003767,2022-09-20,22,7208.0,SALARIED,OTHER,5000,0.23,575.0,1,0,3,0,0,13,0.26,4,0.47,0,0,MASTERS,MALE,SINGLE,0,BRANCH
CUST002327,2022-12-14,54,16121.0,SALARIED,OWN,15000,0.53,652.0,2,0,4,0,0,14,0.33,0,0.2,0,0,BACHELORS,FEMALE,SINGLE,0,BRANCH
CUST002915,2022-03-07,40,15772.0,SALARIED,RENT,50000,0.11,645.0,1,0,3,0,0,2,0.36,0,0.18,0,1,MASTERS,MALE,MARRIED,0,BRANCH
CUST004969,2022-11-05,46,16539.0,SELF-EMPLOYED,RENT,30000,0.4,713.0,2,0,2,2,0,8,0.1,3,0.29,0,1,BACHELORS,MALE,SINGLE,0,DSA
CUST003953,2022-07-03,37,17009.0,SELF-EMPLOYED,OWN,20000,0.36,694.0,1,1,2,0,1,0,0.32,0,0.38,0,0,MASTERS,MALE,SINGLE,0,BRANCH
CUST000596,2022-08-09,32,15877.0,SALARIED,OWN,5000,0.29,635.0,5,0,3,5,0,11,0.35,0,0.12,0,0,BACHELORS,FEMALE,SINGLE,0,DSA
CUST000729,2022-09-24,52,8716.0,SELF-EMPLOYED,OWN,15000,0.43,700.0,2,1,1,1,0,14,0.19,2,0.19,1,0,MASTERS,MALE,MARRIED,0,ONLINE
CUST001366,2022-02-15,35,15108.0,SALARIED,RENT,10000,0.34,699.0,1,0,5,0,0,1,0.36,0,0.26,0,0,BACHELORS,MALE,MARRIED,0,ONLINE
CUST004493,2022-04-12,40,8578.0,SALARIED,OWN,20000,0.42,647.0,1,0,3,1,0,10,0.31,1,0.17,0,0,MASTERS,MALE,SINGLE,1,BRANCH
CUST000699,2022-12-23,48,12556.0,SELF-EMPLOYED,OWN,20000,0.11,667.0,3,0,5,1,0,4,0.29,0,0.27,0,0,BACHELORS,FEMALE,SINGLE,0,BRANCH
CUST000396,2022-06-02,43,12277.0,SALARIED,OWN,30000,0.24,738.0,4,0,2,0,0,11,0.22,2,0.04,0,0,BACHELORS,MALE,DIVORCED,0,ONLINE
CUST004172,2022-11-20,33,9192.0,SELF-EMPLOYED,OWN,5000,0.08,582.0,4,0,3,3,0,8,0.22,0,0.8,0,0,BACHELORS,MALE,SINGLE,0,DSA
CUST004361,2022-03-20,21,9286.0,SALARIED,OWN,5000,0.45,726.0,5,0,3,0,0,14,0.35,1,0.24,0,0,BACHELORS,FEMALE,SINGLE,0,BRANCH
CUST002503,2022-02-21,35,6214.0,SALARIED,OWN,20000,0.33,657.0,1,0,4,0,0,13,0.31,1,0.39,0,0,BACHELORS,FEMALE,SINGLE,0,ONLINE
CUST001820,2022-06-10,47,6608.0,SELF-EMPLOYED,OWN,10000,0.13,627.0,2,0,5,0,0,12,0.34,0,0.25,0,0,BACHELORS,MALE,MARRIED,1,ONLINE
CUST000718,2022-08-30,23,5820.0,SELF-EMPLOYED,OWN,5000,0.25,719.0,2,0,5,1,0,6,0.16,1,0.24,0,0,OTHER,MALE,MARRIED,0,BRANCH
CUST002783,2022-05-04,21,9607.0,SALARIED,RENT,15000,0.55,689.0,1,0,5,1,0,3,0.26,0,0.36,0,0,MASTERS,FEMALE,MARRIED,0,DSA
CUST004947,2022-02-14,35,15305.0,SALARIED,OWN,15000,0.47,696.0,2,0,4,2,0,4,0.22,1,0.58,0,0,BACHELORS,MALE,SINGLE,0,ONLINE
CUST003578,2022-10-19,30,13076.0,SALARIED,OTHER,5000,0.5,588.0,4,0,2,4,0,13,0.3,0,0.62,0,0,OTHER,FEMALE,SINGLE,1,BRANCH
CUST000144,2022-04-06,59,20393.0,SALARIED,OWN,30000,0.59,675.0,3,0,6,2,0,12,0.17,2,0.05,0,0,BACHELORS,MALE,MARRIED,0,BRANCH
CUST004981,2022-10-17,27,10315.0,SALARIED,RENT,5000,0.29,643.0,3,0,4,1,0,3,0.17,4,0.14,0,0,MASTERS,MALE,SINGLE,0,BRANCH
CUST003141,2022-11-04,56,9061.0,SALARIED,OWN,20000,0.3,728.0,4,0,5,1,0,12,0.31,2,0.33,0,0,OTHER,FEMALE,SINGLE,0,DSA
CUST004492,2022-05-01,30,7855.0,SALARIED,RENT,15000,0.29,574.0,4,0,4,1,0,11,0.37,0,0.39,0,0,MASTERS,FEMALE,MARRIED,0,ONLINE
CUST002939,2022-08-20,37,3000.0,SALARIED,OWN,15000,0.45,662.0,1,0,5,0,0,14,0.26,0,0.48,0,0,OTHER,FEMALE,DIVORCED,0,BRANCH
